user,comment,timestamp,like_count,reply_to
@Taskandpurpose,"EDIT Correction : I meant to say 12 hundred not 12 thousand killed on oct 7*** 
Tensions are escalating in the Middle East....again. Israel has eliminated 2 high ranking members of Hezbollah and Hamas within a few hours. The reason this could escalate into a region war is because for the first time ever Israel has conducted an attack inside Iran on Iranian soil that killed someone like this. We're living through events right now that have never happened before and we don't have a great frame of reference for what will happen next. https://www.instagram.com/cappyarmy/",2 years ago (edited),954,False
@JoseHernandez-s6r6m,That's exactly what Israel has  to do is eliminate Hamas because to think Hamas will negotiate is a fallacy.,7 months ago,0,False
@Calloftheseal-s8m,They should have used those drones to guard their own territory instead of seeing if the could attack a us aircraft carrier,7 months ago,0,False
@Matthew-z1f1s,I'm so glad they got shukr that piece of sht,11 months ago,0,False
@eleventyseven4321,"I had to research a couple of times, but it seems that it is contested wether the houthis have actually destroyed or taken down any f15",1 year ago,0,False
@GARBO96,Youtubers need to stop putting their cringe thumbnail face in every thumbnail you're clearly running out of weird faces to make so don't put your face in the thumbnail,1 year ago,1,False
@duanebogan3836,"You all, know, under the shadow of the wing of God (Psalm 36), Yay Yay, or nay nay",1 year ago,0,False
@duanebogan3836,"Good day, thank you, Sir, Semper Fi. Have you, you all ever read the whole Bible? Talk about hell, the Bible mentions core, core of the Earth, However, I think people are actually standing on the solid core, while the liquid hot magma layer, rhythmically ""washes"" over you. Sort of like a hoo-ahh, a hot water-boarding session, huh?  Well, love God, and Lord Jesus or not, I do, apparently people are going to be washed, 1 way or another. By the blood of Christ, my choice, of by liquid hot magma. What do you, you all think? Knowing Moses, probably not in Babylon, Amen. Yay Yay, or nay nay",1 year ago,0,False
@bryanadamsgenesimmons,I KEEP PLAYING STUFF YEAR AFTER YEAR AND BLOCKED,1 year ago,0,False
@bryanadamsgenesimmons,I DONT HAVE THE INFINITE JIHAD PRIVILEGE ON JIHAD  HAPPY  ISLAM-YOUTUBE  WTF,1 year ago,0,False
@Delta-l5l,Homie went from HAMas to HUMMUS 🤣🤣🤣🤣🤣🤣🤣,1 year ago,0,False
@LcplAnimeGuy,Why is Iran even part of the UN!? They hate us and our allies and buy Russian equipment and constantly go on and on about how we're the bad guys. They don't even follow anything about the UNs Human rights acts given what they do to there women.,1 year ago,0,False
@HANTERICH,"The fact that you mention Iran may retaliate or lunch land attack against is so stupid. Either USA nor Israel want a total destruction of the regime in Iran. Otherwise, USA would dealt with the regime in Iran as dealt with SADDAM in Irak. Read some of just recent history before WW1 my boy. Do your home work my ordinary infantry man.",1 year ago,0,False
@HANTERICH,Because one side of this conflict is a JOKE and media is depicting a false enemy. Fake media again.,1 year ago,0,False
@HANTERICH,Because one side of this conflict is a JOKE and media is depicting a false enemy. Fake media again.,1 year ago,0,False
@dougfoley6175,"Quebec has Poutine, Canada has Maple Syrup.",1 year ago,0,False
@JimWatters-m3c,"You would think the Iranian's would figure it out, if their God wanted Israel destroyed, they wouldn't be getting their ass kicked.",1 year ago,0,False
@rom1783-c1y,"7:43  As a Lebanese citizen, I don't think either of these options is true, especially the second one (Hasan Nasrallah used to promise his supporters that he will eliminate every Israeli and the death of an Israeli civilian is considered a win by Hizbollah and his base, not something to be ashamed of and hide). 

The golan heights are home to Syrian Druze families and the strike injured some Druze civilians. Lebanon is also home to many druze people (including my family, but personally i'm not very religious) and Hizbollah has a history of going into conflict with Druze and Christians in an effort to project power in non-Hezbollah regions or even assassinate Sunni, Christian, and Druze leaders (most notably the Sunni PM Rafik Al-Hariri) who opposed Hizbollah being an Iranian-backed militia that supports Shias only and arms them (even after the Taif Agreement which ordered all civil-war-era militias to give up their weapons and depend on the Lebanese army). After the civil war, all Christian, Sunni, and Druze militias were forced to give up their weapons, but Hizbollah insisted that it needed them to ""protect Lebanon from the Zionist entity (Israel)"" so it managed to ignore the Taif Agreement and keep its weapons (which it sometimes uses to intimidate any leader who doesn't approve of Hizbollah). Hizbollah claiming that attack would make the Lebanese Druze (and consequently some of their fellow Christians and Sunnis) angry. This anger could be noticed by Hizbollah's very loyal Shia base and make them doubt their support for this militia.",1 year ago (edited),0,False
@JWMLUCKYDEVIL-bh6ie,Wasn’t it 1200 ppl?,1 year ago,0,False
@BattleRapVisual,I DONT THINK ISRAEL BEHIND THAT... THINK ABOUT WHO SLEPT IN THE ROOM NEXT TO HIM.. THE LEADER OF IJ,1 year ago,0,False
@manofsan,"@2:32 - the reason why Israel chose to launch its strike into Iran rather than Qatar, is because Israel wants to force Iran to respond to its strike. By hitting Tehran directly, Israel forces Iran to either retaliate or else lose face and also lose its foreign cadres.",2 years ago,9,True
@HamDanSan," @manofsan  plz don't use logic on this channel, only hurah and we are strong and they are barbarians is allowed here",2 years ago,0,True
@Knox-umbra,"Came to the comments to say this and glad you pointed it out yourself, self-accountability is one of the most important qualities one can possess. Kudos, and great content as always.",2 years ago,8,True
@jastrapper190,The children are using Ismail’s head like a soccer ball. For a few moments his head became the first working Iranian satellite until it came out of orbit and landed for the children to play with and enjoy.,2 years ago,3,True
@jastrapper190,So is Vance married to a black woman? I’m confused. I think Vance should start screaming that from the rooftops. He’s married to a black woman!!!! That’s at least half of an infinity stone… right?,2 years ago,3,True
@gandydancer9710," @jastrapper190  Wrong. Vance is married to an Indian-American (subcontinental variety), one born in San Diego and a classmate of Vance's at Yale. Is your search engine broken?",2 years ago (edited),0,True
@OrenIshiii-rg7sr,"​ @matthewmcdermit8744  yes , Bullies cry when that are bullied ironic isnt it.",2 years ago,3,True
@OrenIshiii-rg7sr,"​ @matthewmcdermit8744  ​ What? . . . Leaders of terrorist organizations are terrorized when they are targeted.  
yes , Bullies cry when that are bullied ironic isnt it.",2 years ago,3,True
@rocko7711,Who had WW3 on their Bingo Card?,2 years ago,2,True
@NigelAnderson-iu2bs,They have just reached the find out part of the FAFO,2 years ago,2,True
@jonasbaine3538,Relax. This certainly isn’t a ww3 catalyst event.  This situation just reveals that irans biggest threat is domestic opposition groups happy to give intel.,2 years ago (edited),1,True
@jonasbaine3538, @Taskandpurpose  who flagged by harmless neutral comment😡,2 years ago,1,True
@zeening," @jonasbaine3538  youtube's automod, i just got off a 24 hour silence for saying something pretty fkin benign because i said ""swear words""",2 years ago,0,True
@kamartaylor2902,Hi hello. Have you done a video on the space force and space warfare? And what is the role A.I will play in the future?,2 years ago,1,True
@RichardsMiscCorner, @kamartaylor2902  a space war would result in humanity being stuck on this rock for the next 100+++ years and our technology reduced down to pre-satellite days. Let's hope that never happens.,2 years ago (edited),3,True
@campsitez2355,who would have thought the victim's cellphone could tell the bomb where to land?,2 years ago (edited),1,True
@adw6894,"Iranian government is only tough on Iranian women and Iranian protesters, no one else.",2 years ago,1,True
@georgwalt7978,Did they tho? Nobody admitted it,2 years ago,1,True
@UncontainedGravityFire,"Quick question... did the Houthi Rebels really down a Saudi F-15? That seems like a bigger story than is being portrayed. Wouldn't that be the first loss of an F-15 due to enemy fire? Or is that ""No F-15s have been lost"" strictly referring to air to air combat?",2 years ago,1,True
@ilansimon3962,Is was a bomb put in a the room 2 months ago…,2 years ago,1,True
@user-sp8eb6iz7f,I'm not fighting for Israel!,2 years ago,1,True
@snoopysnoops007,"Do none of you understand? Allowing this kind of warfare, allowing in attacks creates the justification for war.",2 years ago,1,True
@logitech7989," @snoopysnoops007  I'm out of this channel, unsubscribed.",2 years ago,0,True
@laptv2144,It wasn’t even 1200. They haven’t proven that number at all,2 years ago,1,True
@harrydestaffano565,"This analysis is awful. You need to take sides.  Either you support Iran or you don't
We know what happened then, when their appeasement failed in the 1930's!  
Iran's Khamenei needs to be sent on his way,  right now,  to meet up with his evil, already dead, friends Haniyeh and the evil ex Iranian President, Raisi. 
Make no mistake, Iran is coming for the west if they do not get what they want, total control of all the middle east!",2 years ago,0,True
@HamDanSan," @harrydestaffano565  lol he already has your back, chill... he is just trying to come out as objective. but dont worry, all the information in his video are from your propaganda sources. try to control your emotions, and maybe look for another piece of land to occupy 😉",2 years ago,0,True
@fyrchmyrddin1937,"Pretty sure Hezbollah boasted about responsibility for the Golan Heights attack until they found out they'd hit kids playing soccer, at which point they claimed it had nothing to do with them.",2 years ago,0,True
@christ.4977,"The rockets that killed the children in Israel were Arab children. That's why Hezbollah denied it. If it were Jews, they wouldn't have denied it.",2 years ago,0,True
@maanmohammad8459,No worries.The US delivered Iraq to Iran on a silver platter.Iran is not going to do anything.,2 years ago,0,True
@RichardsMiscCorner,"Great vid as always Cappy - you've really expanded your content, and have done a masterful job with it.",2 years ago,0,True
@jeffwatkins4901,This is by far not the first ever attack on Iran soil you should read a history book.,2 years ago,0,True
@dioghaltasfoirneartach7258,"Erdogan has, prior to this, threatened Israel 🇮🇱 militarily, that they're 'going into Israel 🇮🇱""
Erdogan should probably start looking under the bed for the 'boogy man'...

⚔️🇺🇲🫱🏻‍🫲🏼🇮🇱⚔️",2 years ago,0,True
@outofturn331,11:06 I swear India has nothing to do with this,2 years ago,0,True
@FlipFlop-y4d,"So Israel can assassinate whoever they want ,democratic country? Above the law ? I think American leaders are all scared of israel ...American,super power? are just submissive to israel, usa is too scared to say anything or to do anything.....unbelievable America is scared the only strong leader who stop israel is russia by defending Syria and Iran...when China and Russia and Iran and north Korea and Iran and Turkey and few more Countries will get stronger and stronger israel usa ,checkmate....",2 years ago,0,True
@IshayBen92,HIzballah denied the attack because the victim are 12 Muslim Druse kids.,2 years ago,0,True
@IshayBen92,Hizballah denied the attack because the victim are 12 Muslim Druse kids.,2 years ago,0,True
@dannydaw59,"A news article (can't remember the news organization) said it was a drone, not a manned aircraft.",2 years ago,0,True
@IshayBen92, @Taskandpurpose  Hizballah denied the attack because the victims are 12 Muslim Druse kids.,2 years ago,0,True
@AmjadKhan-cm5sm,Why is America obsessed with Isnotreal? Or this because all American politicians are brought by them?,2 years ago,0,True
@shahanshahpolonium,now they got an IRGC officer,2 years ago,0,True
@williamyoung9401,Please consider not calling Twitter 'X'.  It just gives credence to that heir of the emerald slave mines in South Africa.,2 years ago,0,True
@scottymackay1801,"I have to pull you up for using MSM language of ""escalation"". No. The ""escalation"" was October the 7th killing 1200 people inside Israel.",2 years ago,0,True
@williamyoung9401,Netanyahu launched their airstrike on purpose.  He NEEDS the war to continue; otherwise he'll get ousted and will be put on trial for corruption and whole slew of other laws he broke.,2 years ago,0,True
@Zoe-c9z,HOW MANY GENERATIONS ARE THERE?,2 years ago,0,True
@anilaskrapari117,3 days and everything over. People go on with their lifes,2 years ago,0,True
@Rougans,"Seek the red tread that combines the conflicts(economic ,land grabbing, religion and so on , around the world!
It’s so obvious that this will lead to WW3 
The communists are coming together to grab pieces of the world power and it’s going to lead to WW3",2 years ago,0,True
@iiiiiiiiiiiiililiiiiio,iran probably let this happened as part of their power play. the power vacuum could let them control palestine by proxy,2 years ago,0,True
@ianoconnell2831,What if they did it themselves get rid of the guy creating the conflict and move on weird plot twist? But nah I'm still saying it was the us all day 💯,2 years ago,0,True
@Stant-mc2,"Iranian generals kill Haniye himself because Haniye secretly sought a ceasefire agreement between Israel through Turkish government channels. It was a massage for the new president, Masoud Pezeshkian, who replaced Ebrahim Raisi, who died in a helicopter crash in May for the same suspicious reasons. Notthing in Middile East look like it seems.",2 years ago,0,True
@Djinnthehuman,"For everyone who hears you say 12,000 killed in Israel, I hope they also read your comment so that they won’t be misled about the reality of the situation",2 years ago,0,True
@albertkaplan1673,"Another correction is you see it.
The reason Hezbollah are not taking responsibility for the dead kids is because the children were Druz. Arabs.
Not Jews. So the Arab world was also mad.",2 years ago,0,True
@NAFO_MythicPlague,I did a double take when you said that and was about to be an ass and correct it. Thank you for correcting your mistake and own it Cappy. That is why I like you and your channel. That is the difference between a civilian and a Vet. A vet takes ownership of there muck up and corrects it. Thank you again.,2 years ago,0,True
@jimtalbott9535,I was wondering!,2 years ago,0,True
@PaulGilesGiles,"CNN reports that Hamas political leader Ismail Haniyeh was killed not by an Israeli bomb or rocket strike that day, but by a bomb planted in advance at the Tehran guesthouse where he was staying.

The New York Times also writes about this. According to the publication, Haniya was killed by an explosive device that was secretly smuggled into the guest house.

The bomb was hidden about two months ago in a guest house run and protected by the Islamic Revolutionary Guard Corps and part of a large complex known as Nashat in an upscale area of ​​northern Tehran, the newspaper said.",2 years ago,0,True
@anthonystevens-gm6uh,Was just about to write you a note,2 years ago (edited),0,True
@altqtum9383,That F35 scenario of yours is very unlikely. you said it yourself in a way. too difficult to implement. the killing blast on the other hand occured in the very room were the target was. so it's more likely a planted explosive device from a double agent or a gesture of good will from the new president for future negotiations with bibi,2 years ago (edited),0,True
@Jam3s27,Yea I figured at first o was like holy shit when did that happen but then I said let me use common sense lol,2 years ago,0,True
@vasopel,Israel said it assassinated Ismail Haniyeh using a bomb smuggled in months ago...so there was no air strike!,2 years ago,0,True
@SMARTvoterWorld,There is a lot of dispute over who did the killing given the Hannibal directive and way in which people died. IDF buried the burned out cars of the carefully and oddly timed music festival on the other side of the fence and it is considered likely that the Israelis who died trying to escape in those cars were victims of indiscriminate Israeli fire. Same with all for the exchange hostages taken.,2 years ago,0,True
@Abhishek.Mukhopadhyay-A1,"The hamas top terrorist was not killed by an air strike, but an explosive device planted there over 2 months ago, so , correct your misinformation laden video, thanks 👍",2 years ago,0,True
@imjustheretomasterdebate8853,"As a european christian me and the people i know dont like jews, i can also tell you the truth that most you guys are missing, the people on Israel right now, are not even jews, they are a cult made by rich corrupt european merchants, they use the story of the jewish people for support back then because all european contries were banning that group of corrupt and godless rich guys that were spreading all over europe and the rest of the world",2 years ago,0,True
@theSIKNESS8,Wasn't airstrike it was remote-controlled bomb in Iran according to new reports.,2 years ago,0,True
@RobertaKella-ji7iu,Your a child moleztor,2 years ago,0,True
@missininaction3680,Stop spreading missinformation,2 years ago,0,True
@logitech7989,You are full of Sh*t :),2 years ago,0,True
@aaronpoche8420,NYT has been reporting a bomb planted some time ago was how they pulled off the assassination. Any idea of how true this is?,2 years ago,0,True
@HamDanSan,"LOL, dont worry about it, most of what you say is wrong anyways",2 years ago,0,True
@jsbrads1,Hezbollah probably denied the rocket attack because the kids were Muslim.,2 years ago,0,True
@rolabe9814,"Just because Iran is harboring a top leader of Islamic Renta Army, I.R.A.  (Hamas) would mean this could escalate to a regional islamic war ?",2 years ago,0,True
@vertikalohigh9583,"Will you update, that you where on a complete wrong path? 
Now it´s know, that it was no airstrike, but a bomb planted inside the guesthouse. Most likely another successful notable Mossad mission,",2 years ago,0,True
@mesiroy1234,"Cappy qlyou good youtber but as isralie it's 1500 +
The 1200 it's just civilian",2 years ago,0,True
@artemisthehunter8360,Yo you mixed up 12000 and 1200,2 years ago,38,True
@Taskandpurpose, @artemisthehunter8360 yes I’ve said that stat so many times I don’t think about it and mixed it up . I’m stoopid,2 years ago,81,True
@greattribulation1388,"Yeah, no, this was de-escalatory. Israel just said. We touch whoever we want when we want. Now…..think, before you make any more stupid moves.",2 years ago,7,True
@acceptablelet,Well...I think tensions have been desolated however much tension the 2 high ranking Hezbollah and Hamas leaders were causing.  I,2 years ago,6,True
@LackToez,Hannibal Directive,2 years ago,6,True
@Lindsey_Lockwood,"The last time Iran ""responded"" they spent 100 million $ on a massive missile launch that resulted in some minor damage to a field. Just for context",2 years ago,4,True
@brianhurley6289,​ @Lindsey_Lockwood Israel spent over 1 billion trying to stop it.,2 years ago,0,True
@DUBSTEP_KUSH305,The other side has a right to defend itself as well,2 years ago,2,True
@JayJay-er5vw,It's not the first time,2 years ago,1,True
@touringthecitywalking9209,"Stop saying that Israel doesn't want to have a ceasefire. Instead, say that Netanyahu doesn't want one. There is a huge difference between these two. Not all Israelis share his views, and many citizens and political groups within Israel are calling for peace and a ceasefire. Blaming the entire country is unfair and overlooks the diverse opinions and efforts for peace within Israel.

As for why Netanyahu doesn't want the ceasefire, he has a long list of political crimes. If he finishes the deal and has a ceasefire with Hamas, he will immediately end up in jail. That is the main reason he and his far-right supporters are avoiding the ceasefire for as long as possible.",2 years ago,8,True
@m4drums,"​ @touringthecitywalking9209 No. 
The big majority in Israel wants the hamas to be demolished and stop ruling over Gaza. 
I am from Israel. 
Peace",2 years ago,8,True
@gandydancer9710," @touringthecitywalking9209  ""Stop saying that Israel doesn't want to have a ceasefire. Instead, say that Netanyahu doesn't want one.""
Nonsense. Ending HAMAS is not remotel;y a private project of Netantahu's. 90%+ of Israelis want that.",2 years ago,5,True
@RichardsMiscCorner, @touringthecitywalking9209  you are right. Israelis i'm sure want to have peace but Netanyahu is on a mission to set fire to the middle east.,2 years ago,0,True
@forthehorde3459,"It was an Hellfire laser guided missile ,that fired from an anti tank weapon rocket launcher from an mountain near the resident apartment ,hanye stationed there. That mountain is a public mountainus forest park .",2 years ago,2,True
@alexshtyn6336,"​@forthehorde3459, that's very specific. The IDF does use laser guided hellfire missiles most of the time it's a gourd unit that tags the target, which allows for greater distance when fired from an airborne platform, so what you said seems unlikely.",2 years ago,0,True
@noammkw3770," @forthehorde3459  it was now confirmed that it was a bomb under his bed, and we still cant confirm that 100%, we will be able to confirm what it really was once the IRGC and Hamas both fall and some time has passed so it can be taught as history, but as of now its the present",2 years ago,0,True
@OrenIshiii-rg7sr,"Like I said developed countries are ... developed becaused its developed ... nothing more nothing.
Your Feeble attempts to deceive me at my own games of Humanity Love and Compassion while you dont see me as such ...
Where are the hypers China Russia where ever are Sooooo Strong? Where are the people that says that Every where is better then here. You May Leave",2 years ago,0,True
@soakupthesunman,"​@OrenIshiii-rg7sr
😂😂😂  WHAT?",2 years ago,0,True
@jimtalbott9535, @OrenIshiii-rg7sr I THINK you might seek a different translator.,2 years ago,0,True
@יאירכץ-פ5ס, @gandydancer9710  90% of Israelis want  Hamas demolished. But Big majority of them also want kidnapped deal & a solid majority want Netantahu out of office.,2 years ago,1,True
@user-mh5xk6fl1x," @Taskandpurpose  Не переживай, с любым такое бывает. Конь на четырех ногах и то спотыкается ;)",2 years ago,21,True
@Arnaz87," @Taskandpurpose  it's not stoopid bro it's okay to make mistakes
I understand you feel that way though with how careful you probably press yourself to be with this topic
Edit: went down the comments and see now why you respond like that lol",2 years ago (edited),6,True
@brianv1988,​ @Taskandpurpose I heard Hezbollah did claimed responsibility for the Drone strike on the soccer field but once they found out what was hit and there was kids killed they deleted the tweet and said they didn't do it after they had already took accountability for it,2 years ago,0,True
@stepkah4742,"​ @user-mh5xk6fl1x  The Japanese have a similar saying ""Even a monkey can fall from a tree""",2 years ago,0,True
@drops2cents260," @Taskandpurpose   ""I’m stoopid""

Cappy, you own your mistakes and you correct them.
So no, you're not.",2 years ago,1,True
@ShehuStebe, @Taskandpurpose  yes you are stupid,2 years ago,0,True
@harrydestaffano565," @HamDanSan  Mohamed WRONG.
The information in the video is NOT from my sources!  How could it be from my sources?
The occupiers are the Arabs.  
They never wanted a Palestinian state, there has never been one, until 1964 when the Egyptian Arafat, (how was he so wealthy when he died, explain that), called for a Palestinian state.
You need to look at the facts before you write a message to me.
For Mohamed the bot , 
A crash course on history that proves there has never been a PALESTINIAN STATE:

1. Before Israel, there was a British mandate, not a Palestinian state

2. Before the British Mandate, there was the Ottoman Empire, not a Palestinian state.

3. Before the Ottoman Empire, there was the Islamic state of the Mamluks of Egypt, not a Palestinian state.

4. Before the Islamic state of the Mamluks of Egypt, there was the Ayubid Arab-Kurdish Empire, not a Palestinian state.

5. Before the Ayubid Empire, there was the Frankish and Christian Kingdom of Jerusalem, not a Palestinian state.

6. Before the Kingdom of Jerusalem, there was the Umayyad and Fatimid empires, not a Palestinian state.

7. Before the Umayyad and Fatimid empires, there was the Byzantine empire, not a Palestinian state.

8. Before the Byzantine Empire, there were the Sassanids, not a Palestinian state.

9. Before the Sassanid Empire, there was the Byzantine Empire, not a Palestinian state.

10. Before the Byzantine Empire, there was the Roman Empire, not a Palestinian state.

11. Before the Roman Empire, there was the Hasmonean state, not a Palestinian state.

12. Before the Hasmonean state, there was the Seleucid, not a Palestinian state.

13. Before the Seleucid empire, there was the empire of Alexander the Great, not a Palestinian state.

14. Before the empire of Alexander the Great, there was the Persian empire, not a Palestinian state.

15. Before the Persian Empire, there was the Babylonian Empire, not a Palestinian state.

16. Before the Babylonian Empire, there were the Kingdoms of Israel and Judah, not a Palestinian state.

17. Before the Kingdoms of Israel and Judah, there was the Kingdom of Israel, not a Palestinian state.

18. Before the kingdom of Israel, there was the theocracy of the twelve tribes of Israel, not a Palestinian state.

19. Before the theocracy of the twelve tribes of Israel, there was an agglomeration of independent Canaanite city-kingdoms, not a Palestinian state.

20. Actually, in this piece of land there has been everything, EXCEPT A PALESTINIAN STATE.",2 years ago,0,True
@jastrapper190, @gandydancer9710  NO NO NO YOU JUST HEARD THE MEDIA AND KAMALA… SHE’S A PROUD BLACK WOMAN… LIKE JD VANCE’S WIFE.,2 years ago,0,True
@jastrapper190, @gandydancer9710  LIKE ELON MUSK IS AN AFRICAN AMERICAN AND HIS ANCESTORS AND PEOPLE WERE PERSECUTED AND DESERVE REPARATIONS,2 years ago,0,True
@jastrapper190, @gandydancer9710  WILL JD VANCE AS OUR VICE PRESIDENT…. Will his wife be our first Black Second Lady? Has anyone looked into this? This is historic if so! OUR FIRST PROUD BLACK SECOND LADY!!!! SO BEAUTIFUL AND BRAVE AND STRONG. WITH THE STRONGEST BLACKEST VA JAY JAY IN ALL THE LAND,2 years ago,0,True
@gandydancer9710," @jastrapper190  Why are you yelling nitwitisms?
I didn't read them, btw, beyond a quick glance sufficient to tell that you were pooping on yourself.",2 years ago (edited),1,True
@jastrapper190, @gandydancer9710  I have a caps lock key that is malfunctioning. Is my yelling hurting your ears? 😂🤦‍♂,2 years ago,0,True
@jastrapper190, @gandydancer9710  what kind of D bag comment is this? I’m honestly proud… this is top quality D baggery right here… 😂 you went out of your way to accuse me of “typing to loudly” bravo sir… bravo,2 years ago,0,True
@jastrapper190, @gandydancer9710  you went out of your way to tell me I’m typing too loudly? this is grade A Dee_baggery…. Bravo sir… bravo… 😂🤦‍♂,2 years ago,0,True
@jastrapper190, @gandydancer9710  you didn’t read “them”? 😂😂😂 you’re my new best friend… you’re hilarious.,2 years ago,0,True
@LupeMagana-je6mt,USA!!!!!!!!!!!!!!!!!!!!!!!!!,2 years ago,0,False
@Scandalshredder,I thought it’s come out they physically planted bombs in the facility,2 years ago,0,False
@AmericanmanB2,Blood is on Biden’s hands.,2 years ago,0,False
@anamariatiradogonzalez,Uno menoe,2 years ago,0,False
@james-coble,I thought they were canceling F-22s?....,2 years ago,0,False
@jodin2868,Wait.. it wasnt a bomb under the bed? I thought it was a Mossad hit.,2 years ago,0,False
@Dustin277,I heard it wasn't a air strike,2 years ago,0,False
@MishMash22,I love how Iran is always claiming it will harshly punish Israel. But does sod all lol,2 years ago,0,False
@Jack-mb4jx,"It's criminally and cowardly for Hamas, Iran, etc. (anyone) to take Civilians but they don't want to talk about that, especially when they specifically target Civilians, not even mixed Government, Military, and Civilian occupied areas, but Tourists areas, Civilian areas, etc.",2 years ago,0,False
@peacock_travels,"4:05 he was chanting ""death to Israel together with the Iranian Parlament I guess that's one of those cultural differences I never understand"" 😮 we need to accept that there's cultures inferior to us",2 years ago (edited),0,False
@henkvisser9741,this is about the 4th time the same pic of the same person is used t say anotherhamas leader is killed in the last 10 years....is it stock footage of a random or is this the guy who had 5 lives?,2 years ago,0,False
@madianantar7842,4:15 america and israel killed millions of his people… What’s not to understand here? Are you stupid?!,2 years ago (edited),0,False
@mesiroy1234,"‏‪1:30‬‏  lie brother
I think it's anti tank wepone
We  home made at called the spike,",2 years ago,0,False
@josephmorrison2509,He screamed Death to Israel and America while hiding in Qatar . Should have stayed there !,2 years ago,0,False
@SureshGooheeram,Quality of video is it HD ?,2 years ago,0,False
@johannjohann6523,"The Leader of Hamas was not a politician. He was a terrorist of the highest order. I wonder how many people in Hamas are ready to take the position as the Leader of Hamas?   And of course, Hamas has been pleading for a cease fire. Israel has been eradicating everyone in Hamas at an alarming rate. Hamas reaping what they have sowed.  Boy Muslims are gluttons for punishment.",2 years ago (edited),0,False
@johannjohann6523,"And this comes just after the President of Iran's helicopter had in flight issues during a heavy fog and crashing killing the President of Iran.  I guess Iranian flight crews just don't have the necessary training as once thought to properly work on helicopters.  Or maybe, just maybe a ""faulty"" part found it into their inventory of replacement parts. I guess we'll never know.  lol",2 years ago,0,False
@froghammer-24,Your info is WRONG. It was not an air strike. It was a bomb.,2 years ago,0,False
@Kcheeseboro,Are we watching the beginning of WW3?,2 years ago,0,False
@RealmsOfThePossible,If they hit the room he was in there must have been some kind of cooperation between israel and iran on some level.,2 years ago,0,False
@yuperra,Those were one seat F22s,1 year ago,0,True
@Y7Y01,An american talking about culture 😂😂😂,2 years ago,0,True
@peacock_travels, @Y7Y01  I'm Swiss but have lived abroad for most of my adult life,2 years ago,0,True
@bastar46-l5z,Search who saved the Jews from extinction.,2 years ago,1,True
@muyiwastephen3444,4:52 he meant 1200 people,2 years ago,0,False
@deluxeriley,"2 civilians dead for every terrorist is insane idk how people can take anyones side in this war, and responding to a terrorist attack with an infinitely more deadly terrorist attack is crazy",2 years ago,0,False
@mrjmorovis,"The Gaza's voted for Hamas democratically. Yeah, when you elect undeniable terrorists to ""govern"" there won't be another election and the Palestinians are paying for electing terrorists who never ever wanted peace because if their is peace with Israel the terrorists will lose power. Can't have that.",2 years ago,0,False
@reflectkharbuki9558,Sorry iran ...,2 years ago,0,False
@bboy7324,🤣🤣🤣🤣,2 years ago,0,False
@returo7297,"Bismillah, sry pls, allow me to say-express my sincerity, Assalamu Alaikum  Warahmatullahi Wabarakatuh, Alhamdulillah, Wassalatu Wassalamu 'Ala Rasulillah, Salam Sejahtera bagi kita semua, Om Swastiastu, Namo Buddhaya, Rahayu , Salvete et pax vobiscum, Shlama w-salām ʿamkhoon, שלום ושלום עליכם, Shalom v'shalom aleichem."" 

Surah Al-Surah Al-Ma'idah (5 : 32):
""Because of that, We decreed upon the Children of Israel that whoever kills a soul unless for a soul or for corruption [done] in the land - it is as if he had slain mankind entirely. And whoever saves one - it is as if he had saved mankind entirely..."" 

amen, ty",2 years ago,1,False
@sharoncamus,"I have some Iranian friends, they are nice people in Dubai. sorry for your government. Must have a people power and change your government rules etc.",2 years ago,0,False
@Whiteboy17064,Is this channel run by Jews? Why no video on the illegal seizures of land in Gaza,2 years ago,2,False
@cryptidtacticalauxiliary,THAT OCTOBER 6TH HORROR IS UNFORGIVABLE….SICKENING,2 years ago,0,False
@radofenix,“ Yemen’s has been in a hunger crisis” yet their leaders don’t care just as hamas. What a joke of the people that live on this earth and the sheep that follow.,2 years ago,1,False
@danielamaefune2116,Hahaha 😂😂😂😂,2 years ago,0,False
@NJKenn,4:07 Hey carful there the UK says they will extradite and jail you for that kind of talk. Diversity is our strength remember 🙄,2 years ago,0,False
@justiceempire1170,"You lived in Hatred. You die in Hatred. ""Welcome to Hell!"",  the Devil said. 🔥",2 years ago,0,False
@rocketscientist1375,"Statistically jews are the most intelligent community in the world, so its no surprise that they're surviving so well",2 years ago,0,False
@nirvana3921,Netanyahu desperately wants Iran to wage a full-scale war with Israel. So that they can involve Washington in a full-scale war in the Middle East.,2 years ago,1,False
@Mark-vn7et,You’re forgetting that those extra fuel tanks make the F35 look like a WW2 bomber on the radar…..so it kinda defeats the F35 biggest advantage. Do a little more research before making claims,2 years ago,1,False
@lokosalmond7153,Small drone or explosives were added in the room where he was sleeping. It's highly unlikely it was the F35,2 years ago,2,False
@ranapratapsingh3416,Screw Islamic terrorism.,2 years ago,0,False
@Lord_Pilaf,Iran has the right to defend itself.,2 years ago,2,False
@PandaHer-u1q,"Hey I don’t believe that Israel is the guy killed Hamas leader in Iran, Iran killed him the tactics 😮like that’s we Asian people are experts",2 years ago,0,False
@bastar46-l5z,"Israel citizens also voted for satanyahu, what’s ur point",2 years ago,0,True
@cmb.777,and how many ppl have died because of ismail haniyeh,2 years ago,0,True
@returo7297, @cmb.777  do u hav proof? how many ppl enslaved and died by . . . westies?,2 years ago,1,True
@bastar46-l5z,completely ignores what Israel does,2 years ago,0,True
@bastar46-l5z,"Jerusalem Massacre 1937
3. Haifa Massacre 1938
4. Balad al-Sheikh Massacre 1939
5. Haifa Massacre 1939
6. Haifa Massacre 1947
7. Abbasiya Massacre 1947
8. Al-Khisas Massacre 1947
9. Bab-ul-Amud Massacre 1947
10. Jerusalem Massacre 1947
11. Sheikh Bureik Massacre 1947
12. Tantura Massacre 1948
13. Jaffa Massacre 1948
14. Khan Yunis Massacre 1956
15. Jerusalem Massacre 1967
16. Sabra and Shatila Massacre 1982
17. Al-Aqsa Massacre 1990
18. Ibrahimi Mosque Massacre 1994
19. Jenin Refugee Camp April 2002
20. Gaza Massacre 2008 - 2009
21. Gaza Massacre 2012
22. Gaza Massacre 2014
23. Gaza Massacre 2018 - 2019
24. Gaza Massacre 2021
25. Gaza Genocide 2023 - ongoing 

AND KEEP IN MIND THAT MOST OF THESE ATTACKS WERE AIMED AT RELIGIOUS PLACES AND REFUGEE CAMPS
Just how moral is the army of that apartheid state",2 years ago,0,True
@ShehuStebe,Is that why they completely collapsed and didn’t see oct 7th coming?,2 years ago,2,True
@rocketscientist1375," @ShehuStebe  considering the amount of disadvantages they have based on population, geographical size, etc they are doing better than any other community would have if they were in their shoes",2 years ago,1,True
@cmb.777," @ShehuStebe  when did they collapse, do u mean in biblical times? and are u not watching the videos. even if u support palestine u cannot deny jews and mossad are extremely intelligent",2 years ago,0,True
@ShehuStebe, @rocketscientist1375  is that why they literally produced nothing and noone before the 17th century except bankers? You also didn’t answer my question. If they were so smart why are they acting completely emotionally and like children during this war? Why are they being outsmarted by a group of refugee soldiers who built a tunnel system that they keep getting baited and blowed up in?,2 years ago,1,True
@ShehuStebe," @cmb.777  the entire gaza brigade has been liquidated. And which videos are you talking about? Qassam fighters literally executed a special operation behind enemy lines and destroyed two jeeps with video evidence TODAY. All Israel managed to do was kill women and children. Israel and Mossad are conniving and scheming they’re not smart, they’re emotional and completely short-sighted. They’re burning through their target bank and Iran and HZ haven’t even showed off their major weapons. If they were smart, why are ten different countries begging Iran to not strike them?",2 years ago,1,True
@ShehuStebe," @cmb.777   the entire gaza brigade has been liquidated. And which videos are you talking about? Qassam fighters literally executed a special operation behind enemy lines and destroyed two jeeps with video evidence TODAY. All Israel managed to do was kill women and children. Israel and Mossad are conniving and scheming they’re not smart, they’re emotional and completely short-sighted. They’re burning through their target bank and Iran and HZ haven’t even showed off their major weapons. If they were smart, why are ten different countries begging Iran to not strike them?",2 years ago,0,True
@bastar46-l5z,Nah Hindu 😭,2 years ago,0,True
@cmb.777,from what lol,2 years ago,0,True
@cmb.777,israel and iranians have the right to defend themselves from irgc,2 years ago,0,True
@tunderfox2973,Bro what 💀 Iran attacked Israel first,2 years ago,0,True
@Lord_Pilaf, @tunderfox2973  Yes Israel is always the victim. The USS Liberty attacked Israel first 😂,2 years ago,2,True
@tunderfox2973, @Lord_Pilaf  Iran launched dozens of drones into Israel. Who do you think these drones were aiming at?,2 years ago,1,True
@Lord_Pilaf," @tunderfox2973  Do you not remember Israel bombing an Iranian embassy? That's an act of war. Play stupid games, win stupid prizes.",2 years ago,2,True
@tunderfox2973," @Lord_Pilaf  Iran directly funds the organizations that want to kill every jew on this planets. So play stupid games, win stupid prizes. Am I not right?",2 years ago (edited),0,True
@THETOMO748,"I noticed you made a point of the 12 children killed, but seemed to brush off the fact that 39k Palestinians died including women and children, as if it's justified because for every 2 civilians killed one fighter dies. This a a dangerous way of thinking.",2 years ago,1,False
@mekongrivergiants,"IDF, with all that multi billion dollar aid from sugar daddy Biden, still can’t handle Hamas, whom literally have much lower budget and less technological advanced weaponry. IDF are clowns 🤡",2 years ago,1,False
@iskitirbui12epson69,"""Chinese radar""😂",2 years ago,2,False
@daleburnfart6845,The only country I see instilling deep  regret is Israel into it's enemies.,2 years ago,0,False
@mundyslunes7755,I wonder how the middle east would be today if Israel was never made.,2 years ago,1,False
@KevinDurbin,"Pretty sure you have it incorrect.  From the research I've gone over, it was a preplaced bomb in the room Haniyeh was staying in, which was remotely detonated once it was confirmed Haniyeh was in the room.  I know ""airstrike"" sounds more sexy and all, but really, AYFKM, you think even a single NON Iranian aircraft would be able to penetrate that airspace, get the shot and make it out?  Consider it was in the heart of Iran as well, in the capital no less. Nah man, not buying that storyline.  Either way, pretty shitty that one country can infiltrate another country to assasinate a 3rd country politician (hamas) and all we see is fake outrage in the media",2 years ago,0,False
@TopGod97,😂😂😂 I cannot lie you Jews are some cold mfs good stuff,2 years ago,0,False
@18_REELIN,Sound like America when they use to say “we don’t negotiate with terrorist” after.  911,2 years ago,0,False
@Hyper.space1,Help muslims to spread islam and Allah will bless your country like Pakistan 😂,2 years ago,0,False
@Music34897,"If you don't understand why Iran chants ""death to America"" in their parliament you should maybe read some more history about the region, start around 1950. You don't have be a supporter of Iran's government to look at the record and understand where that sentiment might have emerged lol.",2 years ago,1,False
@webpro607,Israel is just a proxy of the United States. What most of you don't know is that the American Air Force has been taking a significant part in the war in Gaza and Lebanon since the beginning of the war. But everything is quiet.,2 years ago,1,False
@yipmabaruya1148,Good night from Papua New Guinea. I enjoyed watching your contents,2 years ago,0,False
@LuigiPublishinggroup,"When you see Iran Propaganda Videos,You can only chuckle on how they misleading their own citizens with lies lol...They think its some persian Movie lol",2 years ago,0,False
@ibn-khaldun-al-hadrami,"Yo, pro-Israel puppet, you gonna talk about the war crimes of raping and torturing prisoners of your clients or are you just going to keep D-Riding Israel and the IDF?",2 years ago,2,False
@Smashachu,Special operation is code word for genocide. I learned that from russia.,2 years ago,0,False
@skylerskyler2144,Where’s Jasmine? She needs to provide a response.,2 years ago,1,False
@skylerskyler2144,The killing needs to stop.,2 years ago,1,False
@FieldHoodGaming,"If the guy was calling ""death to America and Israel"", he's intentions were not peaceful.",2 years ago,2,False
@garymattischannel6207,Islam will still be A Lie when the War is over !,2 years ago,2,False
@alkhyar8339,Iran is also the designer...,2 years ago,0,False
@wahyasaquii7563,"Israel is nothing without America. 

jews are nothing without Gentiles.",2 years ago,0,True
@wahyasaquii7563,True story.,2 years ago,0,True
@wahyasaquii7563,"Everything said correctly, except the US is the proxy extension. Not israel.",2 years ago,0,True
@cmb.777,"this operation killed israel haniyeh. and every single country says ""special operation""",2 years ago,0,True
@bastar46-l5z,Christianity too😂,2 years ago,0,True
@thetruthhurts3316,"Not so fast, ""Israel"".
 ""Russia Supplies Iran with Long-Range EW System “Murmansk-BN” to Counter U.S. and Israel
The report about Iran's deployment of the ""Murmansk-BN"" system emerged after Open Source Intelligence (OSINT) observations noted continuous flights of Russian transport aircraft between Russia and Iran recently. The “Murmansk-BN” system is regarded as the most powerful EW (Electronic Warfare) system in the Russian military. Its primary purpose is to disrupt high-frequency satellite  communication systems owned by the United States and NATO. Additionally, it can render “smart” munitions and drone systems “blind and deaf.”",2 years ago (edited),0,False
@piskac2781,Armageddon,2 years ago,0,False
@Everydayrocketscientist,So there's external fuel pods in the gate the stealth am I wrong because unless it's some kind of stealth tank that I don't know about,2 years ago,0,False
@mlkerem1,May want to update this.  haniyeh wasn't taken out by an air strike. bomb was planted in his room months before.,2 years ago,3,False
@МыколаНетребко,"So, by killing Ismail Naiyeh, the chairman of Hamas political bureau, Israel sends a message that it does not want to negotiate with Hamas.  So, what does Israel want then?  Apparently more war and killings.  Not surprisingly, the American Evangelicals will continue to support Israel, no matter what Israel does or how man civilians it kills.",2 years ago,1,False
@SpeezyBeez,0:09 WAAAAAH OSAMA BIN LADEN!,2 years ago,1,False
@ochijeifeanyi5789,Iran should start respecting Israel...,2 years ago,0,False
@samuelnyonator2316,Don't mess with Israel,2 years ago,0,False
@kamalchaaban-ok4hi,It is a cultural difference. The west has a culture of colonization and genocide. While the other side is just wanting their homes back and the invaders to go away.,2 years ago,1,False
@MalikBabar-lw7bn,"A nation equipped with Stone Age technology cannot compete with superpowers. It is deeply troubling that your adversary possesses highly advanced weaponry while you have neglected to implement essential safeguards. They could easily have concealed their guest in a bunker or underground tunnel. Iran should learn from his mistakes, i feel they are incompetent somehow coz even to use an advance techonolgy, you need at least a bunch of competent ppl, can't imagine a country can shots fire on a passenger plane.Ukraine International Airlines Flight 752😂",2 years ago (edited),0,False
@scottmong8763,This proves Israel is family oriented.  They sent this terrorist head to be with his sons !  Didn’t even charge him for transportation.,2 years ago,0,False
@Parpl22,Iran said that because it is much more embarrassing for Iran to admit that one of the their own was part of this operation.,2 years ago,0,False
@KIdris001,"4:25 You will never understand why they say those chants? Really??
Maybe because the US politicians are a bunch of genocidal maniacs who go to one war after another! Name me one unrest or war in the world where the US had no hand in",2 years ago,1,False
@pepper.gutter,Good coverage. Thank you for staying objective and just spitting facts.,2 years ago,0,False
@Mytoothmission,They don't negotiate with terrorist.,2 years ago,0,False
@bretnilson5162,They been chanting that since 1973,2 years ago,1,False
@bretnilson5162,This is outof date...😂,2 years ago,0,False
@DiBaBa4919,"1,200 people died not 12.000",2 years ago,0,False
@yassyboy,With so much tech at Israels disposal Smart People are questioning Israels 7th Oct Attack as False Flag and copying USA false flags for occupation and attacks.,2 years ago,1,False
@mieczyslawherba2723,"@mieczyslawherba2723
5 minutes ago (edited)
Look, if Russia would participate in Olympics, we would have constant flow of sport events and friendly atmosphere, because Russians are good in sport, and would compete. During Olympics wars should stop! Now instead of peace during Olympics we have images of war, killing, destroyed cities and  villages, humans suffering starvation, illness, loss of family members. Who allows for it is guilty that we have to see it during Olympics. I accuse Zelensky that he is responsible for it in Ukraine, because I do not believe, that Putin, in reward for participation of Russian team in Olympics, would not agree for temporary suspension of the war. Zelensky is a Jew and we see, that Jews during Olympics present disrespect to long tradition of Olympics! In Israel Jews behave in the same manner as Zelensky in Ukraine, the conclusion is that Jews are aggressive, they have no respect to European tradition of Olympics, to human rights to unite in sport competition even with enemies. In Libanon Israel made bombardments, in Iran during Olympics Jews killed their enemies, hosts of Iran. I appeal - Dear Jews, you are very creative and you feel strong, but please stop doing mess during Olympics, please honor European, ancient tradition, respect basics of Western Civilization! Be civilized, not barbaric! Stop making wars, make peace!",2 years ago,0,False
@MickeyMantle55,Imagine posting this and not reading the pinned comment 💀,2 years ago,0,True
@rizwanzaman1793,They killed Haniyeh but didn't kill Sinwar. They just want the war to continue and drag on..,2 years ago (edited),0,False
@YinglisTheYinglet,"5:32   hamas doesn’t want a permanent ceasefire. they have said this repeatedly that there will be no negotiation allowed, all or nothing",2 years ago,0,False
@YinglisTheYinglet,"5:32   hamas doesn’t want a permanent ceasefire. they have said this repeatedly that there will be no negotiation allowed, all or nothing",2 years ago,1,False
@albingeorge5,This is just flexing at this point. Killing the Hamas leader when he was in Iran as a guest of their government. Damn !,2 years ago,1,False
@monkeebunz8580,"They can assassinat two people across iran, withen hours of each other... but they didn't know (they knew) or saw hamas attack coming on October 7th? 

Thats what we call even more doubt



Israel let this happen to let the Dominos fall... so they have",2 years ago (edited),0,False
@haseebliftingandstuff2369,Isreal .. War criminals and racists .. no different to Radical islamic terrorists,2 years ago,0,False
@thomasbernecky2078,OBE: Overtaken By Events. In only a week. Keep watching closely.,2 years ago (edited),0,False
@mroslan7078,Are you zionist jews,2 years ago,0,False
@lukeaurand5722,"Yeah, basically Israel really sucks and is causing problems for the entire region. I’m American and I condemn Israel",2 years ago,0,False
@Hugo123ll50,The attack that destroyed the US Marine Barracks in 83?,2 years ago,0,False
@johnsarangel,"it was a bomb placed under the bed, not from an  aircraft…",2 years ago,3,False
@laptv2144,Wow so many Israeli bots in the comments,2 years ago,1,False
@fluxcap4630,"@4:51 12,000 people did not die during the Oct 7th attacks",2 years ago,0,False
@waynejmcgregor2106,I heard mossad hired someone to plant bombs in 3 rooms of where that leader was staying and now you're saying an airstrike was conducted I'm confused which was it,2 years ago,0,False
@atahirince,Very funny to watch when you totally wrong and full of bs😂😂😂,2 years ago,3,False
@ROFkk0,"Israel is literally killing the negotiators and then complaining that theres nobody to negotiate with 
😂😂😂😂",2 years ago,2,False
@marcstaley1526,And they send rockets into Al-Asad airbase😡🤬🤬,2 years ago,0,False
@wdavis7655,This is a lot of speculation,2 years ago,1,False
@michaelaemro3380,How about we dont take sides in a war where hundreds of civialns are dying on both sides,2 years ago,0,False
@DicterAbud-W,We the people don't want more wars and our sons to die in midle east for a war criminal netanyahu,2 years ago,2,False
@MickeyMantle55,Are you a terrorist supporter?,2 years ago,0,True
@bastar46-l5z," @MickeyMantle55  search who saved the Jews from extinction, rather than ur peaceful Christian countries who tried to kick them out and kill them",2 years ago,0,True
@Redfoxz001,Read the top comment before commenting,2 years ago,0,True
@fluxcap4630, @Redfoxz001  no.,2 years ago,0,True
@Redfoxz001, @fluxcap4630  wdym?,2 years ago,0,True
@djm24able,Dude what mic are you using?? It’s so so CLEAR it’s very high quality man dam.,2 years ago,1,False
@rodolfo5651,"All the facts point to the idea that Israel is a bad faith actor, morally depraved, & all around a threat to peace in the middle east. A pariah terror state",2 years ago,1,False
@nukeluloosh,Your intel is off,2 years ago,1,False
@marklee3534,Better correct your video about how haniyeh was bombed. Its embarrasing,2 years ago,2,False
@PantyDropper1,Turkey is more supportive then iran,2 years ago,0,False
@PantyDropper1,You did not see the first retaliation for assasination of general killed in Baghdad airport in 2020 resulting in covid. First global biological weapon used.  T. Y.,2 years ago,0,False
@PantyDropper1,They do not chant death to America.,2 years ago,1,False
@VibrantSourPuss,If you want to bring up death to America chants please don’t be a double standard having hypocrite. You mustn’t act like “death to Arabs” and “death to Christians” aren’t some of the loudest chats through Jerusalem every year by ya boys,2 years ago,3,False
@WaltShag,"""The peace talks keep blowing apart""",2 years ago,0,False
@AnthonyAli12,They chant death to American so what. but Americans actually kill them smh i hate being from a hypocrite nation,2 years ago,1,False
@rolabe9814,"If only iran did not participate in any of these conflicts, hamas' leader will still be alive hiding inside iran in comforts. Getz ???",2 years ago,0,False
@bravosixs1446,🎉🎉🎉🎉🎉🎉🎉🎉🎉🎉🎊🎊🎊🎊🎊🎉🎉🎊🎊🎈,2 years ago,0,False
@goblinslayer7096,Hahahahaha,2 years ago,0,False
@archsnasharma8458,Iran can do nothing,2 years ago,1,False
@MrThumbs63,The Soleimani photo curse continues.,2 years ago,0,False
@J4sse,Iran lost their president too recently...,2 years ago,0,False
@weirdluv18,"이란의 전 대통령이 암살당한 것은 미국과 이스라엘, eu 가 공조했을 가능성이 메우 높다.  새로 당선된 이란 대통령 masoud pezeshkian 또한 유럽, 미국, 이스라엘과 비밀리에 연계된 인물이 아닌지 매우 의심스럽다. 

Sayyid Ali Hosseini Khamenei- RAHBAR, irand of the supream leader 알리하메네이가 그를 반대한 이유를 이제야 알것 같다. 

사망한 에브라힘 라이시(Ebrahim Raisi)-이란 대통령과 호세인 아미랍돌라얀(Hossein Amirabdollahian) 외무장관은 비행기 추락 사고로 위장되어 살해된 것으로 추정된다. 

하마스의 최고 지도자 Ismail Haniyeh가 최종적으로 암살된 것으로 보아 이란의 내부에서 기밀 정보를 누설한 것이 확실하며, 최근에 레바논-헤즈볼라 수장도 이스라엘에 의해 살해된 것으로 볼 때 이스마일 하니예 암살과 이란의 직접적인 지원을 뱓고 있는 헤즈볼라 고위 수장의 참사 또한 이란 내부 배신자들이 관여 했을 가능성이 상당히 높다. 이란의 내부 공조 없이는 이란의 수도 테헤란에서의 테러 행위는 절대 불가능한 일인 것이다. 이란의 현재 대통령은 IRGC를 코멘트하며 개혁의 가면을 쓴 부정부패한 인물이 확실하다.",2 years ago,0,False
@joegorocket,"It’s not Iran , it’s Islamic government, 90 % of people don’t like Islamic government.",2 years ago,0,False
@DigitalNeb,"Well, you know what they say about playing stupid games.",2 years ago,0,False
@ooofyikes7253,"F-35 lore is going crazy rn

Also, wild of Iran to call Israel cowards over the alleged strike when at least one Hamas leader isn't even in Gaza lmao, goes to show how little they care about their own people",2 years ago (edited),0,False
@cmb.777,"iranian civillians dont, but the regime does",2 years ago,0,True
@MGMclips,the fact that you think attack was by means of a f35 broke my heart,2 years ago,0,False
@whiskywolff,"Well, we are going to thank the Israelis for sending to the kingdom come a man who was responsible for the deaths of our troops... I wonder why we haven't done anything before....",2 years ago,0,False
@bobbybooshay8641,Derp!,2 years ago,0,False
@MrBollocks10,"Tbf bombing other countries is an act of war.
 How are we getting behind this one?",2 years ago,1,False
@GuguMillie,12 thousand you are of by about 55more,2 years ago,0,False
@japancash,Psycho OPS?,2 years ago,0,False
@MilitarySummary10Minutes,I'm blown away by the sources you reference in every video… you're gaining knowledge that most reporters don't even bother to seek out. Keep up the great work!,2 years ago,9,False
@MilitarySummary10Minutes,"Awesome and insightful reporting as usual, thank you!!!",2 years ago,0,False
@wolfross9254,"Its been a few days since his Djibouti one was taken down. And i never got a chance to watch it. Normally if it gets taken down for copyrighted content or if Cappy takes it down to fix parts of it, its back up pretty quick. I wonder whats up.",2 years ago,0,False
@sumitrana8560,Israel has shown the country who's the paper tiger and who's the real one,2 years ago,4,False
@janvierma,Aerial bombardment ? Don't think so,2 years ago,0,False
@mohammedxiii,"Sorry but you have the most beta face and even more boring commentary.
Couldn’t even get thru the intro and have no idea who you are deluding yourself to be.",2 years ago,0,False
@TimPool-b8z,Sounds to me like Israel is the terrorist state!,2 years ago,1,False
@andrewvelasquez79,Iranian military threatening the US or any of its allies is comical at best.,2 years ago,2,False
@Direkt932,"since when do we care about what terrorists ""want""? USA started the war on terror, terrorism has been the plague of our century and finally the country that has suffered the most and got false promises of the world community ending the wars in the middle east - starts to fight back and is winning and we cry for these terrorists. why? has social media made us this stupid",2 years ago,0,False
@kristenmarie9248,4:44  12 thousand? Nope. C'mon.,2 years ago,0,False
@israelbarzait6476,"PLEASE Correct this : HANIA was NOT ""Political leader"" !! he was Archi-terrorist with bloody hands from thousands of ISRAEL and US civilians victims!! he planned many terror attacks all over the world!!! HAMAS & HIZBULA ARE TERROR ORGANIZATIONS , PERIOD.",2 years ago (edited),1,False
@Eternal-Fist,"Misinformation 😂 there was no Air strike , get your facts right !",2 years ago,1,False
@abubilal5156,Israel is heading towards suicide and worse case scenario it’s happening in 4-5 years,2 years ago,0,False
@MarleyBarte,Bibi disguised as Raisi placed the bomb secretly....1 week ago.,2 years ago,0,False
@cmb.777,did u watch the video? and do u know who ismail aniyeh is?,2 years ago,0,True
@HamDanSan,"lol, you still live in the 70's",2 years ago,0,True
@MarleyBarte,"Your story and analysis is going nowhere. You're beating around the bush. Very simple, Iran cannot and will not go to an all out war with Israel for a simple reason that the mullahs know Israel posseses nuclear bombs. And Israel is more than ever willing to use it now.",2 years ago,0,False
@walid12355,"Wars are for the common people and not the elites, and they want to continue murdering Palestinians while turning jews away from god into murderers it's a win on both sides for them. There is no sides wake up, Iran probably sold out Haneya in complicity with Israel, he was  the only man that was working hard to stop the war. You really think Iran and Israel are enemies. Last time iran retaliated it sent out warnings 2 hours before they launched the attack 😂😂🤡",2 years ago,0,False
@aleksandarjovic7326,"So Israel is capable of diversions way beyond its borders and all over the world, but wasn't able to stop Hamas attacks on its most secured border on 7-Oct-2023?",2 years ago,0,False
@gidi-yo,"*Tel Aviv is the second largest municipality in Israel, but it's the major urban area with 1.5 million residents (and almost 4 million in the metro area)",2 years ago (edited),0,False
@RyanZacharia,I will never visit Iran ever. This country is hell.,2 years ago,0,False
@donaldedwards-yu4ui,"All these Arabs countries just talk and acts tough, but, they’re soft cakes. Their security intelligence is shit. This happens on their soil time and time again. They’re only good at corruption that’s all.. They’ll just threaten at the end of the day nothing ever happens. Also, there’s always a “betrayer” closest to u ready to be bought at any price.",2 years ago,0,False
@ThePsh07,4:07 literally their “Two Minutes Hate”.,2 years ago,1,False
@user-jl6xu9cn3p,Stop the genocide,2 years ago,0,False
@NiotcvlBnpeos,Mossad?,2 years ago,0,False
@jamesretta5690,The WEF wants war. The WEF is overjoyed with the strong possibility they have tricked Iran into a war.,2 years ago,0,False
@blackink281,It wasn't F35. It was Iran's revolution guard who was bought by Israel.,2 years ago,0,False
@ELCAPATAZ,"Israel declared war on the United States when they attacked the un-armed communications ship U.S.S. Liberty during the Six Day War. The attack killed and injured dozens of U.S servicemen. What did the U.S Government do as retaliation for this cowardly, deliberate attack?",2 years ago,1,False
@TrekPanda,"So, the f35 can park a missile in someones room but f22 cant hit a giant baloon?",2 years ago,1,False
@ThomasRafferty,"Perhaps, recognize it already is a regional war at varying levels over the years?",2 years ago,0,False
@mojtabamasoumi4855,"Long story short, he said good night to new president and good morning to former president 😂",2 years ago,0,False
@hartindc,BOHICA,2 years ago,0,False
@duncanharrell5009,Would you be willing to do a video covering the United Nations and if it will survive the 21st century? Is it still relevant or a fossil that refuses to leave the room? Can it be fixed and repaired or is it too rotten to the core or broken from the start?,2 years ago,0,False
@user-TheTigerForce994,"As far as we know Israel  declared that they did not kill Haniyyah, but only Foad Shukry. 🤯",2 years ago,0,False
@stephentraveler5291,Bang ! Bang !,2 years ago,0,False
@number1enemyoftheuseless985,That thumbnail picture of the jet looks eerily like baphomet goat head.....🤔,2 years ago,0,False
@Chookho1,"No Iran killed Haniya Iranian can’t deceive people may be the naive 
His blood is on Iran hand 
First they killed their president then Haniya if sinwar goes to Iran he will be third which every one hope for so people see peace and live",2 years ago,0,False
@exyugo,This guy knows what he’s talking about 🥇,2 years ago,0,False
@godfreymcgarrell4412,Is the M4 18 behind the narrator fa me 😊😊😊,2 years ago,0,False
@zackkwik,"GOOD RIDDANCE!!!
bwahahahahahahahahahahaha",2 years ago,2,False
@yaronkahanovitch909,"I haven't come across so many inaccuracies and imaginations in a long time.  Let's start with the fact that Haniyeh was eliminated by means of a bomb that was introduced into Iran and from there into Haniyeh's room.   As for Yemen, it has two ports and Yemen has no problem unloading goods at the second port, there is also no problem transporting aid in vehicles overland.   In addition, Israel never claimed that it only hit a dock that did not unload humanitarian aid.  And finally, it is important to note that the Houthis damaged Israeli civilian ships that also carry important equipment.  You should know that those who act like a robber, will be treated like a robber.",2 years ago,0,False
@harry.godwinson1,ah well. what  goes around,2 years ago,1,False
@dareawoniyi6430,"Nobody knows how this operation was done. The Iranians don't know, Hamas does not know, Hesbollah does not know. So why are you so sure of what happened and that MOSSAD did it. It could be as a result of internal wrangling within Hamas. So until it is clear, please stop rumour mongering. What is sure is that it is a big embarrassment for Iran.",2 years ago,0,False
@duttchintu8182,Turkey says India Raw agent Amit Nakesh killed the leader,2 years ago,0,False
@Vermiliontea,"Pfft!  Russians put a bomb in his hotel room.  Why?  Because they want more war in the middle east, to cause alternative difficulties for USA, while Russia pursues their war in Ukraine.
Israel will not take responsibility, but will also not deny.  China was possibly also involved, thinking to use the occasion for invading Taiwan.  But they seem to have got cold feet, or the situation is not quite what they want.  Iran?  To Russia and China they are useful idiots.",2 years ago,0,False
@pcelarskaradionicaopgninko6296,🇮🇱🇮🇱🇮🇱♥️,2 years ago,0,False
@chadblechinger5746,"😂the rainbow fuel dong😂
..................





I know what the gradient means",2 years ago,0,False
@joshjosh4274,Bias diot! Are you a zio jws?,2 years ago,0,False
@ed_ph2157,"Haniyeh and Iran have different ways of resolving the dispute with Israel. Iran does not want a solution through the negotiating table, because Iran has a mission to eliminate the state of Israel from the world map. This striking difference could be the possibility that Iran was the one who killed Haniyeh..😁😁",2 years ago,1,False
@adanigroup,"Forget about toys, China can't even make radars correctly lmfaooo 🤣🤣",2 years ago,1,False
@ianthompson31,I will say one possible mistake is that is the f 35s DECLASSIFIED range.,2 years ago,0,False
@juniorberns,Hey we got that nuclear scientist. I thought you guys in the infantry and all that s*** had already gotten this dude with trump.,2 years ago,0,False
@Abdure,3:13 wasn't that coordinated with the US (through a proxy) and almost all missiles (from Iran) shot were meant as a show of strength for the Iranian people. This time it could be quite different there might not be any coordination with the US. Last time Iran didn't want escalation but now we are not sure.,2 years ago,0,False
@tangowiskey4740,Really like your calm cool collectiveness in reporting the facts.,2 years ago,0,False
@basselrabadi3774,Israeli controlled golan heights? You mean israeli illegally occupied golan heights **,2 years ago,1,False
@RedPillBluePillMyPill,Palestinians have had six cease fores that they have violated each time and since 1948 theyve been offered their own state 7 times. So,2 years ago,16,False
@idomaniacs,"This Name is a joke. The equivalent English version would be ""Theas- Sassin""",2 years ago (edited),0,True
@idomaniacs,Do you support the Hamas and the  Hisbollah?,2 years ago,0,True
@JonTan-z3e,"what could possibly make dozens of countries all over the world to chant death to USA or call them imperialists facists warmongers? gee i dunno what could possibly have happened over the past 80 years, what did USA do? who knows?i am just as puzzled as every american lol.",2 years ago,0,False
@ericswain70,Forever War,2 years ago,0,False
@thatsnothowyousaymyname,So they killed the messenger/negotiator !!! Sounds like Israel doesn’t want to negotiate,2 years ago,0,False
@lightupthedarknessx,This is so biased to Israel and super disingenuous,2 years ago,1,False
@wongtan5089,r/modernpropaganda has a thing or two to say about you Mr Cappy,2 years ago,0,False
@KrillixKai,Hours before his death he was chanting death to America... 😂,2 years ago,24,False
@brunosapateiro44,what about the report that a bomb was set 2 month before and the missiles have nothing to do with jis death ? can you check your info?,2 years ago,0,False
@suryamallya2933,I still doubt the man is dead. No body no proof. Maybe Iran saw Ishmael is no longer useful. Cause Israel is denying any claims and it’s very difficult for any of their jets to complete the mission without being detected. Maybe he is not dead also.,2 years ago,0,False
@kamazman2943,Israel Killed a negotiator. L lsraeI,2 years ago,1,False
@simonphoenix3789,"they still chant death to america, yet for some reason Obama thought it was a great achivement to empower them by easing up on sanctions in exchange for almost nothing gained.",2 years ago,1,False
@dominiclobo6814,"The turk that tried to mess with Israel got on the spot answer,
Hanniyeh spoke death to our nations had his reward just after that,
Is the world blind?
Cant you see that YHWH is living God and not just a God in the air ??? If this cant open their eyes then don't know what will",2 years ago,0,False
@knightnight1894,after this America still claims to protect Israel and tell Iran don't retaliate ... like you protect a murder and tell victims don't retaliate.,2 years ago,2,False
@knightnight1894,"while Americans are howling Israelis have right to protect its land, they gave others none.",2 years ago (edited),0,False
@sarahkassim2304,"we are leaving in a crazy world, in the first place why should we have a group like hamas and all this terrorists of Islamic jihad's around the world? this is the problem and the world is not ready to talk about it and put a stop to all this terrorists and we still have some people supporting them so how can there be peace if we keep on supporting them and not taking action againsting them",2 years ago,0,False
@thegr8kaka,Why are some people reporting that it was an air strike while others are reporting that they planted explosives in his room?,2 years ago,0,False
@alialrumhi5408,"In London, they love tea. In Canda, they love poutine, and in the US, they love supporting genocide. Such magnificent cultural differences.",2 years ago,0,False
@JR_MC_E-9,🤮🤮🤮 are you really kidding me go home 🎺🎺🎺 you will be in jail very soon 🎺🎺🎺,2 years ago,0,False
@macharper8214,"People don't know that Iran still flies F-4 jet fighters that it bought from the United States that were designed and built in the 1950's. They were bought while the Shah of Iran was in power, and Iran was a western ally. They have to cannibalize some of those jets to find spare parts for other fighters because the jets are so old nobody makes parts for them anymore. Think about this, the space shuttle was retired in 2011 because it was outdated, and it had its first mission in 1981. Think about how old jet fighters from the 1950's are.",2 years ago,0,False
@artashesharutyunyan3693,What about the Israeli military base in Azerbaijan??? It could have been controlled or even executed from that close location.,2 years ago,0,False
@vladimirantonenko6840,"How awesome was this assassination? So pricing and just good. My sympathies to Israeli people are living surrounded by terrorists whobkilling them all the time, but they keep fighting. While intire worl just strocking there d***s and winning, insted of help Israel to kill those monster's.",2 years ago,0,False
@jg7857,The latest update in the news is that it was not a missile that killed this terrorist. It was a bomb that was planted in the living area where this terrorist was staying. The bomb had been there for months waiting a detonation at the right time.,2 years ago,0,False
@dimjad7933,All of this video and explanations for the power of F-35 while actually he was killed by Mossad planting explosive.,2 years ago,0,False
@monicaucdm1091,"It was never an air strike but a bomb planted in his bedroom that was remotely detonated. He was an obstruction to the peace, he did not want to surrender, very comfortable at his mansion in Qatar he never experienced what Gaza and Israel are experiencing.",2 years ago,0,False
@monicaucdm1091,"It was never an air strike but a bomb planted in his bedroom that was remotely detonated. He was an obstruction to the peace, he did not want to surrender, very comfortable at his mansion in Qatar he never experienced what Gaza and Israel are experiencing.",2 years ago,0,False
@jag8901,Joe Louis .... you can run but you cannot hide !,2 years ago,0,False
@shahab814,this was a embarrassment for iran,2 years ago,0,False
@patriot9487,Lot's of subhuman JIDF bots here. Have fun being on the wrong side of history.,2 years ago,0,False
@michgingras,you can run but you cannot hide ! shalom !,2 years ago,0,False
@elliotenerio3185,Yoav Gallant revised the number of killed Hamas to 14k killed AND wounded so the current Israeli understanding of Civilian-Militant Death ratio is something more than 2:1.,2 years ago,0,False
@kevincecile2764,"1,200 not 12,000 on Oct 7th pretty sure and 200 some hostages it's been a while though",2 years ago,0,False
@thevytas,"Can you imagine what WWII footage would be like with modern day technology

Can you imagine what WWII footage would be like with modern day technology

Can you imagine what WWII footage would be like with modern day technology

Can you imagine what WWII footage would be like with modern day technology

Can you imagine what WWII footage would be like with modern day technology

Can you imagine what WWII footage would be like with modern day technology

Can you imagine what WWII footage would be like with modern day technology

Can you imagine what WWII footage would be like with modern day technology

Can you imagine what WWII footage would be like with modern day technology

Can you imagine what WWII footage would be like with modern day technology

Can you imagine what WWII footage would be like with modern day technology

Can you imagine what WWII footage would be like with modern day technology

Can you imagine what WWII footage would be like with modern day technology

Can you imagine what WWII footage would be like with modern day technology",2 years ago,0,False
@natnaelkenaw6302,The Israel's placed a bomb in the guest house months before the assassination. I don't think they used fighter jets,2 years ago,0,False
@krneki-ym6ep,Ciao bye rat,2 years ago,0,False
@Dhurandel,The most stupid geopolitical channel,2 years ago,2,False
@KyleBetsBadly,H3h3 vs the h3,2 years ago,0,False
@righteous-one-7,"I find Middle East as a very perplexing region of the world. 
You got Middle East combining forces to destroy a region of Israel, but fighting endless wars with each other when they are not beefing with Israel
I also find it beyond disgusting to see Qatar harboring a terrorist leader in their country
Being Muslim is not about supporting the ones that shed blood of other people, and bring turmoil to their own land. Same leaders bring demise to countries that share Muslim faith.
I feel very disgusted about war, and conflicts there, but I see hypocrisy from all front of these recent wars in Middle East
It's hard to cheer for anyone but the peaceful civilians in every one of these countries. People that want no war. People that remember human struggle and pain.
I see politicians placing chess pieces on the board for said pieces to fall, when ""King"" of that chess board is vacationing in Qatar somewhere, or hiding on some exotic island. Giving orders for their own people's and country's demise.",2 years ago (edited),1,False
@Ynhockey,"02:45 Khomeini is the previous leader of Iran. The current one is Khamenei, pronounced Kho-meh-neh-ee.",2 years ago,0,False
@halpwr,"@4:51 1200 people, not 12k",2 years ago,0,False
@yehudasam,"FYI-
Hezzbolla didnt take responsibility of killing the kids, probably because they're scared of the Druz retaliation (the kids were Israeli Druzians)",2 years ago,0,False
@seamuscasey2943,"....GOOD.... ANALYSIS....CAPPY.....""SI VIS PACEM... PARABELLUM.""......"".WAR IS BUSINESS.""....""BUSINESS IS GOOD."".... RAFAH.... EGYPT....",2 years ago,1,False
@PeeGoblin-jg6tu,Anyone that doesn't agree with me is a bot and subhuman.,2 years ago,1,True
@cmb.777,"1200 for october 7th and at first it was 250 something kidnapped but now 115 are still kidnapped, the rest have been released or rescued",2 years ago,0,True
@denispol79,"There's an agreement between Qatar and Israel that ansures Israel won't eliminate targets on Qatar soil.
That's why Hania's trip to Iran was an opportunity too great to miss.",2 years ago,0,False
@CA.0verview,"T&P I’d recommend getting sponsored by ground news ,would be a good tool to have for to gather info for your publication.",2 years ago,0,False
@heavenlyxtacy,"Are you sure hamas ter*** leader is de***, just because iran is saying it was him you believe them. iran wanted to escalate the war so may be he just went underground and told the world it was him. nobody has confirmed so dont speculate, he may be still alive trying to fool the world thinking he is very smart.",2 years ago,0,False
@HKOPERATOR2,It wasn’t an air strike. A artificial intelligence explosion 💥 device was planted in the leaders room like a month ago. Once he arrived it recognized him & boom. Hint why the building wasn’t gone & other important ppl wasn’t hurt. Chuck Bolton explains this really good.,2 years ago,1,False
@Whitewolfericb,This aged badly...,2 years ago,0,False
@yukondave-1,NFG,2 years ago,0,False
@Simplebutgreat2,"WOW!!! You are living in a fairy tale. You are spreading propaganda by trying to spread the VERY unlikely theories, that “israel’ used one of their fighter jets to accomplish the unbelievable. WOW....look how great our American weapons and F35 is. Even a child is more capable to figure out the MOST likely way how they did the assassinating. They VERY likely smuggled a custom drone into Iran in many parts. Their local agents assembled the drone and used American intelligence to locate the target in his location. After that, their other  local agents confirmed the target was there and pointed in which part of the building he was. Their agents are very likely trained to use the drone in the United States or in “israel”. You have a huge amount of arrogance around you. Have you seen footage of Ismail Haniyeh chanting “dth to America”? You literarily make up things and spread them as  lies. Go drink some more tea!",2 years ago,2,False
@Jakeanbake69,So they chant death to America and we send them aid???? This world is going down hill fast.,2 years ago,0,False
@Original_ASL,"It is absolutely absurd that Yemen needs humanitarian aid while it spends millions of dollars just so they can attack Israel (and for no reason). This is a great example of the entire conflict—countries and organizations fighting Israel would rather have their citizens killed and starve just to have the chance to kill Jews. And if you don't think it is just a war fueled by antisemitism, read what is written on the Houthi flag: “Allah is great, death to the USA, death to Israel, curse the Jews, victory to Islam.”",2 years ago,0,False
@rogertempleman-ed2xv,You can run but you can't hide !!!,2 years ago,0,False
@FinsterCS,"They placed a bomb in the guesthouse, no air assets involved.
S-300‘s are still silly tho lmfao.
Their entire shtick is that it shot down an F-117 over Serbia but the Russians attributed it to low frequency mode and not the bomb bay doors being opened.
Now Iran and a bunch of other countries have no air defenses just because of propaganda lol",2 years ago,0,False
@FellaGuy2,A lot of smooth brains in these comments,2 years ago,0,False
@vorpalinferno9711,"Poor hamas. . .
hahahahahahaha",2 years ago,0,False
@farhanashaheed4810,"Please watch Al Jazeera's latest news which says short range projectile near his place ... Most probably isrealAhell bribed a traitor  Iranian to arrange this assasination. 

You are not familiar as an independent journalist. Just popped up to soread incomplete news.",2 years ago (edited),0,False
@desertowl0,"The Iranians are saying that a bomb was planting in the room where Haniyeh stayed, two months prior. It wasn't an air strike, according to them.",2 years ago,0,False
@Basyed_11,"surface level analysis as always, expected from you",2 years ago,0,False
@TheSaltyAdmiral,"Israel is the end of the Western led world order, and I f*cking can't belive we gave it all up defending that shithole in the desert...
We can't talk with integrity on ANY conflict in future, after we have damned and punished so many countries over the years for doing the same or even less than what Israel is doing in Gaza. The worst of all is that it is the politicians, not the people of the West, that wants to this for Israel. Israel lost it's popular support in Europe decades ago, but now it's even going under water in the US. All the while our politicians are falling over themselves trying to give them more weapons and tax dollars. If you wanna know the price of corruption, look no further than AIPAC.",2 years ago (edited),1,False
@muratgurol446,"This happened just shortly after Netanyahu was in the US, it happened just hours after US forces stroke Shiite positions in Iraq, suppressing pro-Iranian backlash in advance.",2 years ago,0,False
@Dontcry-w1f,Most of these comments are anti semites they're not just believe that they're supporting side leaders are killed,2 years ago,0,False
@tdolan500,"If this turns out to be an F35 strike it confirms my point that the F35 is a sea change in air power. The fact you can park a boat load off shore and penetrate and strike in contested airspace without even having the alarm raised is crazy. 

Also would it be more likely that they would have used the configuration of the drop tanks within the bomb bay and small munition mounted on the external hard point. Feels like the RCS of external drop tanks would be greater than that of a missile like brimstone on the wing.",2 years ago,0,False
@chaseteter,Yeah the F-35 story being told as fact is really bizarre. Drones and smuggled bomb theories have more traction it seems.,2 years ago,1,True
@cmb.777,"are u dumb? a ""traitor iranian"". literally almost no iranians support the islamic republic.",2 years ago,0,True
@WALTCHARAMBA,It was a bomb that was placed by hand at his apartment.. An F35 would of been shot down within minutes..F35 can be tracked with ground based Radar..,2 years ago,2,True
@matthewvaroz4812,let’s not forget the helicopter misfortunes,2 years ago,0,False
@anonas1228,BTW the IRGC has decided to betray Ismail Haniyeh for good,2 years ago,0,False
@belushipumpkin,mossad,2 years ago,0,False
@bitkarek,izrael does not have any other options but to defend themselves.,2 years ago,0,False
@TheOldFartGamer,Chinese mase radar.... That explains it..,2 years ago,0,False
@adoof4814,Free Palestine 🇵🇸,2 years ago,2,False
@danielreuben8847,"No, Israel has not attacked Ishmael Haniyeh, it is Iran that carried out the operation and pointing the finger to Israel.",2 years ago,0,False
@seanroth-b2d,"no Chris, hezbollah denied they did that attack because those kids were from the druze community in israel. he didn’t want the backlash from the druze community in lebanon.   that’s why he deny it",2 years ago,0,False
@seanroth-b2d,"no Chris, hezbollah denied they did that attack because those kids were from the druze community in israel. he didn’t want the backlash from the druze community in lebanon.   that’s why he deny it",2 years ago,0,False
@ME_excellence,"Israel Kills TERR0RlSt Hamas Leader Deep Inside TERR0RlSt Iran
Task & Purpose

1.66M subscribers",2 years ago,0,False
@bbb11110,"It was NOT an air strike, why are you lieing?? It was a b0mb installed there 2 months back and det0nated when the guy was confrmed to be in his room. Do your homework",2 years ago,2,False
@scottmatthews537,This video didn't age well,2 years ago,1,False
@jaymoney9690,"I thought it was an explosion, not a missile strike. They even came out and said the explosion came from the room. The people that happened to literally said that.",2 years ago,1,False
@Bggpro123,"So many wrong things:
1). Haniya is a mega terrorist, not a “diplomat “. he is living a lavish lifestyle with Palestinian money while they suffer from poverty- long before the war.
2). Airstrike? You believe the iranian?? Lol it was an inside job. Someone from the iranian regime did it and placed bombed. Iran is looking for excuse to attack israel.
3). Unfortunately seems like you lack the basic understanding of the middle east dynamics. Hamas is a demonic islamic terrorist organization set to destroy israel and seek for the death of america too, same as iran. You are welcome to translate the houtis flag.",2 years ago (edited),0,False
@capie44,"Two Muslims were converted to the ""Good Muslims.""

Great news!",2 years ago,1,False
@showball2696,I think They have a spy inside of Iran using a laser guided missle to hit the target.,2 years ago,0,False
@ElliotColton,"Actually Hezbollah began firing rockets, missiles and drones “ever since” October 8th well before Israel began a ground campaign in Gaza. I recognise you are trying to be impartial but I’d appreciate it if you got the facts straight. (Since Israel is damned by almost everyone everywhere as it is.)",2 years ago,0,False
@han1218,This guy hoarded billions of dollars of money Palestine got from UN.,2 years ago,0,False
@mirzafarrukh13,"The plight of the Palestinian people, who are subjected to torture, is met with global silence, much like the indifference that surrounded the crucifixion of Jesus.",2 years ago,0,False
@johnf1235,"At this point, if you’re an American and still support Palestine (Hamas) then you’re either a full blown idiot or an evil person…",2 years ago,0,False
@onionsmaster,free palestine from hamas right?,2 years ago,0,True
@adoof4814, @onionsmaster  No. Free them from Israel's apartheid.,2 years ago,1,True
@adoof4814,Could be that Israel is doing a genocide?,2 years ago,0,True
@adoof4814,"They're the only people defending Palestinian people from an ethnic cleaning campaign.
Only Americans could fall for Israel's propaganda",2 years ago,0,True
@NicholasWongCQ,"It was a bomb planted in the room months ago, which is simply too embarrassing for the IRGC so they said it's aerial attack.",2 years ago,0,False
@moosh0074,"Well, not an air strike!",2 years ago,0,False
@moosy,"Look up how Israel defines a Hamas fighter ..

Anyone male between the ages of 16 and 55",2 years ago,1,False
@takensouls1,One thing I've always respected about Israel is they don't mess around,2 years ago,1,False
@SR0792,"F 35 ii lightning is not right... the compound doesnot even show the marks of that....
It was a bomb set in 2 months ago..
That sounds more accurate.",2 years ago,0,False
@moosy,"The phrase death to America goes back to Mossadech. Iran’s first elected president which the US overthrew. 

I’m sure if a standing President was killed by Iran every single American would be saying death to Iran.",2 years ago,1,False
@ClinicalGain,Russian and Chinese made… 😂😂😂,2 years ago,0,False
@steamindemon3389,why is this video still up ??? it give bogus information… the authorities have came out said the explosives used were already placed in the home before the Hammas guy arrived. no air strike involved,2 years ago,2,False
@malcire,Aren't Iran and Israel technically at war? So how would it be illegal to target a high profile target?,2 years ago,0,False
@juntaotv8294,"WHY DID IRAN SOLD ISMAIL HANIYEH TO ISRAEL?? THE TALIBAN COMMANDER ABDOL HAMID KHORASANI BLAMED IRANS KHAMENEI FOR THE ASSASINATION OF HAMAS CHIEF.,,  ISMAIL HANIYEH ARE UNDER IRANS SECURITY, HANIYEH WAS STAYING IN A SPECIAL RESIDENCE IN TEHRAN.  THE TALIBAN COMMANDER SAID IRAN AND ISRAEL ARE TWO SIDES OF THE SAME COIN..",2 years ago,0,False
@zigisamblak,"""Hamas political chief Ismail Haniyeh was killed with a ""short-range projectile"" fired from outside his guesthouse in Tehran, Iran's Revolutionary Guard Corps (IRGC) says.

The paramilitary organisation said the projectile weighed about 7kg (16lbs) and caused a ""strong blast"", killing Haniyeh and his bodyguard last Wednesday. The Hamas leader had been visiting the Iranian capital for the inauguration of President Massoud Pezeshkian.""
so not an air strike according to Iran",2 years ago,0,False
@BRANDO_DIEGO,"I can piece together what really happened, this is an intelligent report.",2 years ago (edited),0,False
@donidaniello,Have ability to take out leader percisely deep in opposition teritory but failed to hunt down hamas in gaza that they just bombarded the whole land... Does this proves those zionist just comitted genocide? hmmmmm... evidence evidence,2 years ago,1,False
@godvrezende,The west has the eye in the sky,2 years ago,0,False
@MrKnowItAll2024,"Over 1.2 billion pounds of food have been transferred to Gaza since the war began. 

  - 791,521 tons
  - 41,897 trucks

- Food:
  - 611,320 tons
  - 28,626 trucks

- Water:
  - 44,975 tons
  - 2,245 trucks

- Mixed:
  - 33,400 tons
  - 2,306 trucks

- Shelter equipment:
  - 70,230 tons
  - 5,109 trucks

- Medical supplies:
  - 25,571 tons
  - 2,464 trucks

- Fuel:
  - 423 tanks

- Cooking Gas:
  - 724 tanks

- Jlots:
  - 433 trucks

The Palestinians are the only people on earth that start a war with a heinous massacre and then get more aid than all war zone afflicted people combined!",2 years ago,0,False
@MrKnowItAll2024,"5.5M killed in Congo 🥱
500K killed in Syria 🥱
500K killed in Sudan 🥱
400K killed in Yemen 🥱
300K killed in Iraq 🥱
250K killed in Afghanistan 🥱
20K killed in Gaza: GENOCIDE!! 😱

No Jews, no news. They care about Gaza only because of their antisemitism.",2 years ago,3,False
@T.Chopper_,Israel didn't strike ismail haniyeh with rockets. It was a smuggled bomb that denotated inside ismail haniyeh's safehouse. and Israel didn't kill ismail haniyeh because it would endangered the hostages negotiation. It was an inside job. IRGC killed him.,2 years ago (edited),0,False
@BariumCobaltNitrog3n,"Haniyeh would not accept any offer leading to a cease fire because his group benefits from collateral damage, taking full advantage of the sympathy for ""civilian"" casualties from naive, uninformed virtue signalers. His plan was working well, no media outlet was willing to point out the cowardly and brutal tactics, ""Paxxxxxnian militant groups (including Hxxxs) have used civilians as human shields"" as found in Wikipedia. So, he had to go, he alone prevented ceasefire.",2 years ago,0,False
@MarcusHenning5,"Its crazy how people (like the moronic government of my country South Africa), is criticizing Israel for the strike on Heniyeh. When Israel launches standard door-to-door warfare in Gaza, they accuse Israel of collective punishment and take Israel to ICJ for genocide. Then Israel does a targeted strike on the leader, with no civilian casualties, and are now calling it an illegal assassination. Some people are having such chest pains that Israel wont just sit back and die",2 years ago,0,False
@oreoex9392,""" omg it seems to me isreal DOESNT want PEACE?!??"".....dude....your just figuring this out ...he's a psychopath..",2 years ago,1,False
@adoof4814,"Pretty sure they've classified innocent families and children as 'Khamas' too
Seeing as though they've melted thousands of them already...",2 years ago,0,True
@adoof4814,"Are you trying to justify a genocide?

Because it looks like you're trying to justify a genocide holy",2 years ago,0,True
@MrKnowItAll2024," @adoof4814  Between 1950 and 2024 the Palestinian population of the West Bank & Gaza grown from 944,807 people to 5,494,964. An increase of the population size by 481.6% in 73 years.  

WORST GENOCIDE EVER!",2 years ago,0,True
@MrKnowItAll2024," @adoof4814  The IDF has eliminated at least 16,000 Hamas, Palestinian Islamic Jihad & Al Qassam Brigades (terrorists!) since the October 7th massacre. 

Are you SAD? 🫠",2 years ago (edited),0,True
@adoof4814," @MrKnowItAll2024  Over the last year it has decreased by 40,000",2 years ago,0,True
@MrKnowItAll2024," @adoof4814   “The numbers are not real” – new analysis blasts Hamas figures as FAKE 📈

* Graph with Hamas daily figures shows impossible straight line.

* There is lack of correlation between women and children casualties.

* Hamas’s own figures show Israel is killing hardly any non-combatant men.

Relying on a terrorist group to provide figures on a conflict should cause some degree of suspicion over their accuracy. 

This hasn’t stopped media organisations and world leaders from repeating Hamas-generated figures every day since 7 October. A report released this week, however, shows that the official civilian death toll reported by Hamas is “statistically impossible”. The data provided by the United Nations is based on figures provided by the Hamas-run Gaza Health Ministry. The problem with statistically inaccurate figures is that they are used widely as a way to demonise Israel – wrongly accusing the Jewish state of genocide. They are also used to pressure for a ceasefire without any condition for Hamas surrender and release of Israeli hostages.

In an article published by Tablet Magazine on Thursday, statistician Abraham Wyner argues that the official number of Palestinian casualties reported daily by the Gaza Health Ministry from 26 October to 11 November 2023 is evidently “not real”, which he claims is obvious “to anyone who understands how naturally occurring numbers work.”

Looking at the total number of deaths reported each day, Wyner writes: “The graph of total deaths by date is increasing with almost metronomical linearity,” with the increase showing “strikingly little variation” from day to day.

“The daily reported casualty count over this period averages 270 plus or minus about 15 per cent,” Wyner writes. “There should be days with twice the average or more and others with half or less. Perhaps what is happening is the Gaza ministry is releasing fake daily numbers that vary too little because they do not have a clear understanding of the behaviour of naturally occurring numbers.”

The report also highlights irregularities in the correlation between the number of children reported to have been killed and the number of women. On the days with many women casualties there should be large numbers of children casualties, and on the days when just a few women are reported to have been killed, just a few children should be reported, but this is not the case.

Wyner also points to a strong negative correlation between the number of female and male casualties, which “makes no sense at all.”

The low level of male casualties reported is inconsistent with a report last month that Hamas lost 6,000 of its fighters, which represents more than 20 per cent of the total number of casualties reported.

If 70 per cent of casualties are women and children as Hamas has reported, then “Israel is somehow not killing noncombatant men, or else Hamas is claiming that almost all the men in Gaza are Hamas fighters.”

Wyner says the evidence presented is “highly suggestive that a process unconnected or loosely connected to reality was used to report the numbers. Most likely, the Hamas ministry settled on a daily total arbitrarily.”

The numbers matter. Anti-Israel propaganda thrives on these fake statistics and many world leaders have wrongfully embraced them. For example, on 25 October when the number stood at about 6,500 casualties, President Biden said, “I have no notion that the Palestinians are telling the truth about how many people are killed.” More recently the president quoted 30,000, telling MSNBC, “You cannot have another 30,000 dead as a consequence [of pursuing Hamas].”

Wyner’s analysis suggests this 30,000 figure is fake, but even if it is true, the ration of noncombatant casualties to combatants is remarkably low at 1.4 to 1 and perhaps even as low as 1 to 1.

“By historical standards of urban warfare, where combatants and non-combatants are embedded above and below into civilian population centers, this is a remarkable and successful effort to prevent unnecessary loss of life while fighting an implacable enemy that protects itself with civilians,” he writes.",2 years ago (edited),0,True
@adoof4814," @MrKnowItAll2024  Israel has murdered nearly that number in children too. Most people in that 40,000 statistic are civilians.

So yes, I am 'SAD' that gravy seals like you gather in comment sections of milsim channels celebrating this apartheid. The rest of the world looks on in horror at what you support.",2 years ago,0,True
@adoof4814," @MrKnowItAll2024  Kinda hard to respond without this channel flagging comments so I'll try again: They have melted 15,000 children too. Most of the casualties are innocent people.

Yes I am 'SAD'. Free Palestine 🇵🇸",2 years ago,0,True
@MrKnowItAll2024," @adoof4814  UN revises Gaza death toll, almost 50% less women and children killed than previously reported. 
About 6,000 - 7,000 dead in Gaza are under the age of 18. There are hundreds and even thousands of Hamas and Islamic Jihad operatives aged 17, 16 who were killed fighting with IDF forces. 

AGAIN, Since October 7, about 24,600 Gazans were killed in Gaza. MOST of them (16,000- 17,000) are TERRORISTS!!",2 years ago,0,True
@NineSeptims,what a jewish thing to do to compare death counts like coins,2 years ago,0,True
@MrKnowItAll2024," @NineSeptims  The IDF neutralized 16,000 Hamas, Palestinian Islamic Jihad and Al-Qassem Brigades terrorists since October 7 Massacre. 

Are you SAD? 😎",2 years ago,0,True
@adoof4814,"Israel targeted a UN medical centre not long ago.

Is everything they call 'Khamas' fair game, hog?",2 years ago,0,True
@SenyaHill,Oct 7 was during s ceasefire. Hamas ceasefires aren’t worth much,2 years ago,0,False
@sandymastermind2669,"Hanije was one of those men, who stole away the freedom of the palestinian people after 2006, he was living like a king on money meant for hospitals and such and yet they love him for it. I don't get it.....",2 years ago,0,False
@allancmwa,"Your comments scares me boys.
While nazisrael is comitting a genocide, and trying to put a war in the middle east, you guys are gloating about it.",2 years ago,1,False
@Z.O.666,TASK this is dirty game for innocent human,2 years ago,0,False
@Z.O.666,"This Movie its like 
THE GOOD its people of Palestinian innocent LOST LIFE'S 
THE BAD its HAMAS always looks coins and gold spoon 
THE UGLEY its ISRAEL 🇮🇱 looks  for EXCUSE TO GOOGLE GAZA NEW WORLD ORDER ANTI CHRISTI SYSTEM AND ONE 👁‍🗨 
the GOOD the BAD and UGLEY.",2 years ago,0,False
@SoCalFreelance,The 12 children killed were DRUZE NOT israeli!!!!!!!!  For fucks sake please get even the simplest facts right before blabbering on and on as israel's propaganda arm.,2 years ago,0,False
@InCheckdeck,Did you hear the bomb was planted beforehand?,2 years ago,0,False
@DMOpROductions01,Wild a bomb was planted in his room 2 months ago! Def a double agent in the PLO/Hamas,2 years ago,0,False
@Leftyotism,boink,2 years ago,0,False
@MuhammedAli-lf8bc,"You mentioned there was 12,000 people killed on Oct 7th! (Time 4:52). It was 1139 less than 10% of what you said. According to Israeli civilian witness accounts soon after the incident, most of these were as a result of IDF trying to kill the Palestinian fighters.",2 years ago,0,False
@Leftyotism,"Ismail, or rather ... Wasmail.",2 years ago,0,False
@mikaeldonchin5467,this is  a great video but you got so much wrong. the strike was not an air strike but actually was a ground attack from the building right next to where he was staying. the assasinations were in retaliation to the strike that killed 12 kids in majd el shams.,2 years ago,0,False
@ramymohamed9614,I think sending F-35s through Iranian air defenses is a huge risk... It doesn't even match with the Iranian statement that the missile hit him directly... I assume it was done with a suicide drone piloted by an intelligence unit member that snuck into his room through some windows late at night and crashed into his body while he was sleeping.,2 years ago (edited),0,False
@oowwieeoriginal4550,If it hit the room they got spies,2 years ago,0,False
@aeipee13,"@4:51 Killed 1,200 people, not 12,000.",2 years ago,1,False
@robertomuzzetta2652,In Uk and In USA they love to wage or support genocidal wars through proxies against other nations and then they love to be surprised the world hates them back!,2 years ago,1,False
@RobertaKella-ji7iu,Chris cappy your a liar,2 years ago,1,False
@hiloworle7106,I think the mystery was solved as soon as u said the radar was made in china,2 years ago,0,False
@jos1515,"Hot take, Israel and Iran working together to keep their.regimes.running",2 years ago,0,False
@diegoferreiro9478,"10:25 totally unrelated with the video content, but as a modelling enthusiast I noticed some silvering issues on Israeli F-35 markings (the '921' marking). 
So, modellers who try to avoid this nasty effect on our decals and now I find that it also happens in real life",2 years ago,0,False
@adoof4814,"They're Americans.
Of course they applaud mass killings.",2 years ago,0,True
@steamindemon3389,"this video should be taken down & accurate information put out.. this was a ground operation,, no airplanes involved",2 years ago,1,True
@Taskandpurpose,Can you elaborate please,2 years ago,0,True
@kaushik.aryan04,Highly unlikely,2 years ago,0,True
@marehsmith3915,Correction: twelve hundred people died on Oct 7 (in Israel) not twelve thousand please change this,2 years ago,0,False
@aar8808,Maybe Iran let it happen. It's not like they like Sunnis. Historical shias joined crusader expeditions against Sunnis.,2 years ago,0,False
@kamneelamin6358,bibi is not aligned with the US,2 years ago,0,False
@naelnassar9330,"What do you think the raason of All of those Wars for 80 years in in this region. Is it the Oil or religious. 
Thanks",2 years ago,0,False
@louisvalois3863,Pissrael is the biggest problem in the Universe,2 years ago,4,False
@berkut87,"I don't understand why you are talking about f35. The operation was carried out by Mossad. There are 2 versions. Either a bomb was planted in the room in advance, or it was a missile from an anti-tank missile system. Don’t take a credit from my country intelligence! F35 has nothing to deal with it.",2 years ago,0,False
@louisvalois3863,Pissrael is over,2 years ago,1,False
@jebbo-c1l,Israeli occupied Golan heights* illegally btw,2 years ago,2,False
@ABCantonese,"Dammit, Cappy, I'm not playing WITH you on poker... HMS could very well be calling Israel's bluff when they say they want a ceasefire. They know they're not going to get it, but they'll get brownie points asking for it.",2 years ago,0,False
@stephenbeatty5788,I thought it came out they planted a bomb in the room months ago? I could be wrong,2 years ago,0,False
@Muhammad80008,US criminals,2 years ago,1,False
@maribelaragon6466,God will protect Israel and the USA....THE BIBLE SAYS GHAT ISRAEL IS THE CHOOSEN LAND OF GOD AND GOD WILL ALWAYS PROTECT AND BLESSED THE HOLY LAND.  USA HAS BEEN ISRAEL ALLY FOR EVER AND GOD IS WITH THEM UNTIL GHE COMING OF OUR LORD AS ND SSVIOR JESUS CHRIST.   GOD BLESS ISRAE AND GOD BLESS AMERICA!!!❤❤❤❤,2 years ago,1,False
@gotalon,They’ve shot down F15s? Really? Well I guess the F15 record of never being shot down is now over?…..really?,2 years ago,0,False
@dxux4679,"4:16 as seen where? For all I know they could be asking for some coca cola all at once. Do you understand Iranian? I bet you don't. 

And please explain the difference if this has happened with US Congress cheering on a mass murderer talking about taking them on... 

Interesting times we live in.",2 years ago,0,False
@hugoifykyk,"as an update, in case people haven’t heard, it wasn’t an airstrike that killed him, it turned israel planted a bomb inside the guesthouse where haniyeh was going to be staying. this is an even bigger lapse of security, as the compound was heavily guarded by iranian revolutionary guard corps, their elite soldiers.",2 years ago,0,False
@aryanks2167,Hezbollah denied the Majdal Shams attack because they  didn't do it. It was an Iron Dome misfire,2 years ago,1,False
@woodys955,“We do not negotiate with terrorists.” - Leaders of Israel,2 years ago (edited),0,False
@Spyderz-xo9rz,"It has been widely reported that it was not ""Pre dawn airstrike"" but rather a bomb that was planted in the room over 2 months ago.And while a technical airstrike sounds awesome it was wrong.
You rushed to get the video out Mr.Crappy.
Facts and truth dont even count anymore.Its no longer about being right, its about being first",2 years ago (edited),0,False
@sanitymaintenance1585,Thanks but No thanks on being a member just to watch a video !! Just lost a viewer ...and subscriber .It's all about money,2 years ago,0,False
@dfhh4795,I guess They didn't learn from Munich .,2 years ago,0,False
@aqjenaqjen,The United States may have used the Iraqi airspace it controls in light of its ongoing occupation of Iraq and attacked Ismail Haniyeh’s website through Iraq.  Here Israel came to adopt the operation.  We all know that the United States army is nothing but a tool in the hands of the Israelis,2 years ago,0,False
@alexallik1,New information. Iran kill Hanyeh. Everything possibke in Iran.!!!!,2 years ago,0,False
@gooldii1,"There are 54 muslim states on earth, with 1,8 BILLION Muslim lives in. Not ONE of them is a Democracy, with Freedom of Speech, Sexuality, Press, Women Rights! NO strong Economy, Science, but Inflation xxxl, Corruption xxxl, War, Torture, Stoneage! 
WHAT does this tell us about this Religion? 🤣🤣",2 years ago,0,False
@scotthyde-t9w,The Bottom line is these terrorists are not safe anywhere on earth !!  They need to understand this and Israel is teaching this lesson to Hamas and Hesbolah leaders and their Minions including Iran !!,2 years ago,0,False
@BadMonkeyMike,Stop the wars 😢,2 years ago,0,False
@zjork,even the leaders of Palestine doesn't want to live in Palestine lol. allso! wasn't it Iran who fired missiles at Israel not long ago????,2 years ago (edited),0,False
@TheCaniblcat,"Iran's initial claim was that it was an air-to-surface missile attack, then they said a rocket attack from a hidden ground team near the facility, now it's a bomb that was placed 2 months prior to detonation.
Let's assume their latest claim is true. That means that for TWO MONTHS RIGC bomb sweeping teams missed a bomb that was placed in a high security facility, just waiting there for a high value target to visit the site. That makes the IRGC look feckless and incompetent.
Even if it was a rocket attack from the ground, that's an embarrassment to the Iranians for allowing an Israeli strike team to get that close to a secure facility undetected with such a weapon. If it was an ASM attack, then Iran is embarrassed because their claims to be able to detect and deter an Israeli airstrike are proven false. Any which was you cut it, it was a major loss of face in the eyes of the Muslim world, and face is VERY important to Iran. In fact everything they do on the international stage is about ""face"".",2 years ago (edited),1,False
@davidyaranov2978,*Allegedly,2 years ago,0,False
@eitan71,BRAVO ISRAEL !,2 years ago,2,False
@hemantpp8807,He is thief,2 years ago,0,False
@Watchoutxx1,USA gave them the green light,2 years ago,0,False
@HKfanboy416,Not a f35 genius….dumb video,2 years ago,0,False
@electrosyzygy,"@9:07  Note: Tel Aviv is NOT the 2nd largest city in Israel, it is by far the largest.",2 years ago,0,False
@user-sp8eb6iz7f,Israel is a Democracy? Israel voted for this?,2 years ago,0,False
@user-sp8eb6iz7f,"Iran might get weapons from China or Russia, kinda like Ukraine. Now we know what Jerrod and Donnie were doing.",2 years ago,0,False
@juangarcia-kq8zp,The liars who censor us are guilty of precisely everything which they falsely accuse others of.,2 years ago,0,False
@lawrencecrocker4870,"regardless of who did what, when or how. this is not something anyone should be condoning. Do you really think its a good idea to get used to countries invading other countries to kill people? If that isnt a declaration of war, what is?",2 years ago (edited),0,False
@christopherkatz9484,Putting a missile in his room in Tehran is such a disrespectful flex of air power and intel.,2 years ago,1,False
@ZaibachEmpire,i dont think they can girlboss their way out of this one,2 years ago,0,False
@lybnychavez6953,The fact that turkey is part of nato is wild. USA should not allow them to be in nato why would we be required to defend turkey when continue time and time again to detest Israel,2 years ago,1,False
@mentalmans_6561,"You don’t have to go back more than 2-300 hundred years before christianity was also like this (still is in some place but no states).
Women and other minorities opressed by the religion revolted and succesfully changed it.
The fact that this hasn’t happened with Islam yet doesn’t say much, other than it hasn’t been developing for long enough.
Its about 600 years younger than christianity, with time and plenty of support for rights groups, it will change as well.",2 years ago,0,True
@Danny-vl2ym,​@mentalmans_6561  It will change but it takes a couple of centuries. The Muslim world is still behind culturally and mentally.,2 years ago,0,True
@gooldii1," @mentalmans_6561  so you say, Islam of today is 3.000 Years behind the curve?😉😉
I agree on this! 😉😉",2 years ago,0,True
@gooldii1," @mentalmans_6561  agree! And because of this, we must wait 3000 Years, before Ialam is reformized, and no longer a Stoneage-Religion.
But till then...it is! 
Nice, we agree!",2 years ago,0,True
@ke1-chkpg651,"have been reading reports that it a placed bomb (explosive device) than a rocket. the latter means some iranian were/are invovled, huge security issue for iran.",2 years ago,4,False
@יואברז-ו9ע,"so uhh
this guy is getting information mixed up",2 years ago,1,False
@wilbertpamplona4487,Israel was the one who save the F35 programme,2 years ago,0,False
@harjindersinghdeepa3271,Not Air force,2 years ago,0,False
@VaniDrauniniu-hu5ob,THE LORDS ARMY  IS THE. ISRAELITES.,2 years ago,0,False
@josueulloa-t3w,"lol, not even their allah detected that f35",2 years ago,0,False
@sachabotbol5270,It’s reported Mossad hired someone inside Iran to target him in his room with a ground based anti tank missile. No aircraft at all were involved,2 years ago,0,False
@imjustheretomasterdebate8853,"As a european christian me and the people i know dont like jews, i can also tell you the truth that most you guys are missing, the people on Israel right now, are not even jews, they are a cult made by rich corrupt european merchants, they use the story of the jewish people for support back then because all european contries were banning that group of corrupt and godless rich guys that were spreading all over europe and the rest of the world",2 years ago,0,False
@Strange_Brew,Nope. It was a remote controlled bomb in the guest house planted two months prior to his going there,2 years ago,3,False
@Gamla123,"Biden says ""Get a deal done"". Which means just do what the terrorists want and surrender. 🤬
Israel can't do that.
Thank you for great reporting. Head and shoulders above anything we get from mainstream media.",2 years ago (edited),0,False
@Labios_Rotos,"I like how Israel themselves haven't taken credit for this, yet a bunch of people in the comment section of YouTube know it was them, and not only that, they know exactly HOW they did it.",2 years ago,0,False
@Lazy_Old_Chiefer,"They didn’t even use a missile, it was a bomb that was planted months in advance. Even more crazy",2 years ago,2,False
@rafammbass,Khomeini has not been the leader of iran for a while now bud,2 years ago,0,False
@dillz7046,FALSE !,2 years ago (edited),0,False
@jifsportscards,News is coming out saying it was a bomb planted months earlier in his guest room that killed him,2 years ago,1,False
@TheFlax33,Was in a bomb underneath his bed or was it a air to ground impact that dismantle this infidel,2 years ago,0,False
@jorgedavid2568,"He was killed by a bomb in that room, not a missile",2 years ago,1,False
@jdel9333,I’m sorry the October 7 attacks killed how many?,2 years ago,0,False
@Mate397,"So Israel pissed off literally everybody around it, what is up their sleeves to be this ballsy?",2 years ago,0,False
@shaggydane7197,Getter Duuuun,2 years ago,0,False
@yalnevatekofreedom5096,"How do you know it was Israel? 
You don't, so stop doing what starmer does and blame people for something they might not be.",2 years ago,0,False
@SpartanChief01,He was found IN Iran nuff said,2 years ago,0,False
@jeffnaval4894,if trump wins. he is going to reduce terrorism in mideast. trump2024!,2 years ago,0,False
@itsme-vw5yo,The bomb that used was an IED and news said it was planted months ago! Thays why its not possible for Israel to have done this,2 years ago,0,False
@SamDin-i6c,Deni aberson,2 years ago,0,False
@Thisandthat8908,apparently the UK tried something like this in the Falkland War. Taking out the Argentinian general in his office. Just about missed i think.,2 years ago,0,False
@BlueHooloovoo,"Sunni or later, Shiite happens.",2 years ago,1,False
@ucapsalam,"If some of you do believe in what I have been sent with while others do not, then be patient until Allah judges between us. He is the Best of Judges.” .Al A'raf.",2 years ago,0,False
@johnzino8558,Exactly the Jews don’t want a ceasefire they want to exteriminate the Palestinian  people cause there was oil found that’s part of the West Bank territory. So the Jews hear 2 quarters being shaken together and they come running wanting a peace of any quarter dropped on ground!,2 years ago,0,False
@danielwagner6290,Who cares about Iran's sovereignty when they violate everyone elses sovereignty.,2 years ago,0,False
@johnzino8558,"Killed 12,000 or 1,200? Pretty sure the Oct. attack only killed 1,200 not 12k right ?",2 years ago,0,False
@YahyaAbdurRahman-b3c,Allah knows best.,2 years ago,0,False
@english03.03,I love the fact that you believe anything the Zionists say… Good for you,2 years ago,0,False
@furtrapper11,Maybe a new negotiator can help end the conflict,2 years ago,0,False
@succatash,Gotts remake thr video wasnt an air attack,2 years ago,0,False
@mahadsaeed9427,"All the people saying an F-35 was used, read some news and get a life 😂",2 years ago,2,False
@vladvlog9677,A ratio of 2 civilians to every fighter killed is a record low in Urban warfare.  The US usually were at 5:1.,2 years ago,0,False
@Staxx0,how funny is it that iran denied being with hamas yet this guy is in the capitol of iran. how odd.,2 years ago,3,False
@Zrepid,“Cultural differences”? Didn’t Netanyahu say in front of congress that the US needs to support Israel in “eradicating” a certain group of people. Get off your high horse man,2 years ago,0,False
@CombatSport777,"Israel armed with the F35 is a dangerous combination.  Iran would be served well to leave Israel well enough alone, but we all know that ain’t gonna happen.",2 years ago,0,False
@Swagdonaldzz,"yeah he prolly mispoke, infantry dont usually do math well lol",2 years ago,0,True
@videobazipc,"As An Iranian:
I keep hearing ""it's Iran's fault, Iran is useless and Iran Plays In Two sides and ... ""
But Nobody Is Asking ""What Gives israel To Shoot and kill who ever it wants ?"" Anymore
What Happened To People ? Hearing News About Genocide And Killing Children And Destroying  Hospitals And ... By israel For multiple Times Made You Numb ?
Lost Interest In  Standing Against israel ?

(Iran Will Make Them Pay , Without Turning Into Them ...)",2 years ago,0,False
@babydogepowwow6651,Stop put off fasle information 🫠😢,2 years ago,0,False
@babydogepowwow6651,Stop put off fasle information 🫠😢,2 years ago,0,False
@nelus7276,Iranian air defense is guided by Allah.,2 years ago,0,False
@bazkakar5606,"In today's news, it was confirmed that the object was not a missile but an IED that had been installed in his bedroom. All the chatter about the air defence system and Israel's accuracy in hitting targets is now insignificant.

Please make sure to thoroughly fact-check before sharing potentially misleading news on your vlog. It's not good for the reputation of your channel.",2 years ago,1,False
@BrendanCDA,They said it was a bomb,2 years ago,0,False
@dmitryr1223,"this is all wrong, they said it was  Hamas leader killed by bomb planted in Iran guestroom, report states | LiveNOW from FOX",2 years ago,1,False
@avihayamar9630,Iran is no competition to israel,2 years ago,0,False
@nick4877,Its been published that he was killed by a remote controlled explosive bomb in his residence in Tehran,2 years ago,0,False
@keithmunsami5377,How did this man die. They say a bomb was planted in his place where he stayed n some report say a rocket. Which is it. Wake up Iran n know what caused this terrorist death.,2 years ago,0,False
@charlesmurphy7936,"The Jews are fed up with talking about peace with Hamas, theyre going to make Hamas peaceful.",2 years ago,0,False
@rhelzkikiddos6830,Qatar reputation is untrustworthy.. they have double face...,2 years ago,0,False
@SirArkoutha,"Hamas leader screams desth to isreal, deatht o america. Isreal...*uses reverse UNO card*",2 years ago,0,False
@seaman4366,It was the Muslims themselves who killed their leader to put more oil in the fire and since most people use their rank more than their brain they know that for this they will be able to make Israel more bad.,2 years ago,0,False
@hamza.abdullah807,"4:51 - 12,000??",2 years ago,1,False
@jimreilly5770,Heard there was actually a bomb planted in that guest room days/weeks/months ago and not a missile strike?  Not sure if that has been confirmed but this makes way more sense to me.,2 years ago (edited),1,False
@petesmith6434,Obviously the Russians and Chinese technology isn’t all that great! 😂,2 years ago,0,False
@grahamebell4593,"The Zionist project is on track for a Jewish state from the Euphrates to the Nile 

Netanyahu is under no illusion that his actions will lead to a wider conflict that alone he and Israel  cannot win .But he knows also that there is a secret option  : he knows they can’t fight this war and win but knows they can make it bad enough that Israel then faces a real threat and that Americans will have to,” 

Today the US Defence Secretary  confirmed Netanyahu is his calculation that whatever he does, how ever escalatory whatever level of criminality the US will come to his aid should there be any retaliation  

Lloyd Austin  said :-

       “We certainly will help defend Israel” should a wider war break out as a result of Israel’s assassination strikes. 

How utterly irresponsible is that . Netanyahu with his messianic  passion o advance a brutal abhorrent religious doctrine no less abhorrent than Nazism  is dictating events in the Middle East as we witness his genocide and escalation to a possible third world war",2 years ago,0,False
@Ssdd1782,Iran sucks,2 years ago,0,False
@indy500tabasco8,👽👽👽👽💩👽👽👽👽,2 years ago,0,False
@traceykoke6016,There is no Allah wake up,2 years ago,0,True
@iainli5830,Free Palestine 🇵🇸,2 years ago,0,False
@sadaqatali6393,Uk love tea and USA love to cover up Zionist genocidal acts. Chanting death to USA means nothing when USA is the one who destroyed several nations and toppled their democratically elected governments.,2 years ago,0,False
@GabrielA-qz6lv,Wasn't a bomb in his room??? Either way the axis of evil is playing FAFO and keeps finding out...,2 years ago,0,False
@olev6005,just edit that it was not a jet with rocket or any kind of high tech kill. the mossad just wasted him in a super secure base with a bomb they put there weeks in advance. that's just crazy !!!,2 years ago,1,False
@slothboyomg,"Amazing and insightful reporting as always, Cappy. Thank you!",2 years ago,0,False
@asafun,The fact that you talk about a peace deal .. It's hilarious.,2 years ago,1,False
@Daily_MEMER-q2b,"2:08 chinese radars 😂
Yep that’s where they lost",2 years ago,1,False
@chayfebruary9252,The Arab countries put together are not strong enough to fight Israel and that’s the truth 🫣😅🫣🫣😅🫣,2 years ago,0,False
@cerieti,Bro go the simmarket addon intel 🤣🤣🤣🤣🤣,2 years ago,0,False
@ericschmidt1987,They say this was a bomb planted months ago not an air strike,2 years ago,11,False
@johnnycaps1,This is a very in depth documentary on the current state of affairs in this really intense and horrific situation.  Thanks for all the work you and your team does in giving many people an understanding of what seems to be going on.,2 years ago,0,False
@austinlewis8325,They struck the room he was sitting in?? That's Wiiiiild,2 years ago,2,False
@ThatGuyOnThaCouch,Supposedly a bomb had been planted in the room waiting for him to stay there again. They blew it up remotely when it was confirmed he was in there.,2 years ago,0,False
@ghazanfaryaq6776,Iran doesn't have air defense nor striking capabilities. All they have is tons of manpower.,2 years ago,0,False
@ghazanfaryaq6776,Allah failed to protect him.,2 years ago,0,False
@LeSillyGoose,Hope this doesn’t effect Baby Gronks career,2 years ago,0,False
@AudreyBelrose-kz5lw,"Sinowar don't listen to the 3 in Qatar anyway they practically beg him to stop. But he's like, nope",2 years ago (edited),0,False
@ES44AC-2,"Humanitarian shipments "" right 😉"".  They don't worry about their own people, and fund the military is what they do.",2 years ago,0,False
@eddieazimi5865,"Now when Iran answers, Israelis start crying victim",2 years ago,0,False
@guyfainberg4035,7:48 they denie it because the kids were druze and upsetting the druze can be a uprising inside Lebanon,2 years ago,1,False
@whatwill13,Planted for months and iran never noticed,2 years ago,0,True
@125israel, @whatwill13  insiders?,2 years ago,0,True
@out_of_date2002,you  do know Iran is indirectly responsible for the gaza war as of now right?,2 years ago,0,True
@rezaabbasi7994,"You do not even get the picture of people right.
Put more effort into gathering information please.",2 years ago,0,False
@guyfainberg4035,4:42 calling the israelis crowds while the hamas leaders hide in qater and iran (basically leaveing gaza and letting their people suffer while they live a rich live) is so funny,2 years ago,0,False
@alexgetsel7685,It's made by mosad 1 bomb,2 years ago,0,False
@eyalamran3,🇮🇱🇮🇱🇮🇱🇮🇱,2 years ago,0,False
@josephjefferies346,It goes without saying that Isreal don't play.,2 years ago,0,False
@Harry-lq5hu,"Isreal has been making these nations looking dumb since 1967. Just let isreal alone, and the East could heal.",2 years ago,0,False
@Davidtin-vid,"This seems like a lot of speculation, but it does seem highly likely that it's Israel",2 years ago,0,False
@eugenio6485,🇮🇹❤️🇮🇱 grazie Israele !!!,2 years ago,1,False
@chillxxx241,You might as well take this video down.,2 years ago,1,False
@ExploreExpandExcel,Please make a video on Isreal's apartheid regime.,2 years ago,0,False
@ivanzimmerman1733,Don't  mess with Isreal,2 years ago,0,False
@alexissvetrev,"Missle was launched from inside iran. Not very suprising, as half of iranian intelligence is  working for US. Question is if they can do this, why don't they take out khamenei and his command and control to help the people of iran achieve democracy. Answer in my opinion is that they need tge mullahs to sell hundreds of billions of dollars of weapons to arab dictatorships
Ironically terrorism never has good results and a more extreme leader will take power in hamas.",2 years ago (edited),0,False
@Apina79,now they say it was bomb which was put in there few months ago.,2 years ago,1,False
@michaeltrillium,AIR strike? NYT said a bomb was planted months ago. (Which sounds crazy…),2 years ago,0,False
@ITSecurityFTW,"That paragraph about cultural differences was PURE GOLD! Had me laughing in my office.

Third option of why Hesbala is denying the attack.  Their tech stinks, and they were aiming for Jews, but because their tech stinks they kills muslim kids, granted Israeli muslim kids, but still muslim kids. REALLY bad look for their supporters.

WW2 the allies had an approximate civilian to solder ratio or 1:2.  And that was with clear battle lines.  When you consider that the gaza war is a guerrilla war with the civilians are actively hiding the hamas soldiers, (which according to the Geneva convention than turns them into legitimate targets but that's another discussion.) a 2:1 ratio where you still count the 'civilians' hiding hamas as civilians is actually quite good.  Sad and regrettable yes, but impressive that so low, WHEN you take into account the circumstances. Otherwise it's horrible.",2 years ago (edited),0,False
@DB123infane,Cave man voes revenge. oh no be careful from flying clubs.,2 years ago,1,False
@Wizeman_Rezzoe,Why kill civilians 😢,2 years ago,0,False
@Saeid1402,ده ایسراییلی کمپ ماست بی ریمود فرام فلسطین,2 years ago,0,False
@pmannnn4,"1300 people killed..not 13,000..😮",2 years ago,0,False
@Joshua-j1i,Air strike ? 😂😂,2 years ago,0,False
@nazaretsilvaadorno9135,Iran can do nothing! He was hamas leader and now he is dead!,2 years ago,0,False
@abrahams6852,"This attack also stemmed from a recent rocket hit in a Druze football park, killing 12 children.",2 years ago (edited),0,False
@thehardstylepromoter5687,🇮🇱🇮🇱🇮🇱🇮🇱🇮🇱🇮🇱,2 years ago,0,False
@EdouBuilds,"it is said it wasnt an airstike, rather a c4 explosive that was placed there weeks ago.",2 years ago,0,False
@omrinygate1356,"The whole video is outdated. Israel used a planted bomb, not plane",2 years ago,2,False
@AngelofChrist0919,Why is it that they said it was an explosive that was put there months in advance.,2 years ago,0,False
@Lena-vw6ye,That's pretty much declaration of all out war.,2 years ago,0,False
@mikerogers582,Apparently the bomb was planted in the guys room & remotely detonated.,2 years ago,1,False
@craigschaffert,2:10 did I miss any vital info in this seemingly accidental brutal edit???,2 years ago (edited),0,False
@Desh-df2io,When will Muslims realise that God is on Israel’s side?,2 years ago,0,False
@chilichill7252,What coward he left Gaza to hide,2 years ago,0,False
@benjaminthejett,🇮🇱🇮🇱🇮🇱🇮🇱🇮🇱👏🏼👏🏼👏🏼,2 years ago,1,False
@jintoo7489,"Lol...USA says they weren't involved, but their technology is the reason this could happen.",2 years ago,0,False
@GalCesa,"Hezbollah started attacking Israel on October 8th, one day after the 10/7 and long before Israel started ground operation in Gaza",2 years ago,0,False
@Dawnseeker,Dude represent Ohio air guard with the kc135 refueling vid.,2 years ago,0,False
@baredesigns1,"It was a pre-planned explosive device and NOT a missile.
That is confirmed from the Iranian response - they are rock scared how someone could infiltrate Teheran to plant explosives",2 years ago,1,False
@chrisklitou7573,"1200 died on October 7th not 12,000",2 years ago,0,False
@yoyodawgsupbrah,Yair Netanyahu sleeps every night in Hallendale Beach Florida,2 years ago,0,False
@alter-nator,Hamini is shutting his pants right now,2 years ago,0,False
@Jabawongky88,"It's either Israeli Mossad is great, or they're being falsely accused to create sympathy",2 years ago,0,False
@GalCesa,8:01 referring to this mistake,2 years ago (edited),0,True
@SerendipitousDays,"The fact that they can do such a precise attack on land so far away with no civilian casualties, but then cannot do the same precise attacks on Hamas in Gaza thus resulting in “accidental” civilian deaths in the tens of thousands proves that nothing is an accident when it comes to their military…",2 years ago,0,False
@farhorizons3901,Claim that he was killed by a bomb that was smuggled into his guesthouse several months ago.  Big mistake to use the same accommodation twice!,2 years ago,0,False
@sosososososo4148,Mossad is scary af,2 years ago,1,False
@ruelrama2149,The guy is a political leader of a terrorist organisation,2 years ago,0,False
@bod3ayil9oba7,Hasbara bots are everywhere,2 years ago,0,False
@anurathangd,Very big embarrassment for Israel,2 years ago,0,False
@shannonmcstormy5021,"""We know where you are, we can put a missile into the room you are in""......If I am Iran.....I stop poking the tiger. The strike demonstrates the power of technology and how far its come. It also demonstrates that Israel isn't messing around. Not that most people thought that, but every time certain states tried to invade Israel, they got their butts handed to them. I don't think this is going to change any time soon as Israel still has an enormous technological advantage. They spared no expense and gobbled up F-35's and other advanced technology. They have one of the best tanks in the world and their fighters are beyond motivated.",2 years ago,0,False
@Lord0fPvnder,"@ 4:49 you said 12,000 people were killed on October 7th. I think you meant 1,200. If Hamas was responsible for the deaths of 12,000 Israelis, Palestine would be a parking lot,  devoid of any life whatsoever.",2 years ago,0,False
@benjauron5873,Generic comment about the Israeli-Palestinian conflict! (Sure to be deleted.),2 years ago,0,False
@prv1993,"There's only 2 possibility:

1. Iran did not noticed Israel pulling this off which is a huge humiliation for iran 😂

2. Iran noticed but didn't do anything. Meaning Iran and israel working together. 🤡

Muslims please choose your narrative ( humiliation or in cahoots)",2 years ago,0,False
@George.Orwell,"LOL you guys are a joke. An Airstrike would register at least a firing wich never happened. An airstrike from an F35 would destroy more than just the flat where Haniyeh was held. This was a covert operation conducted by Mossad using Spike NLOS. Get a grip people, war is always conducted by the most unexpectable way possible.",2 years ago,0,False
@Moon-v5x,The comments section is filled with bots controlled from Tel-Aviv,2 years ago,0,False
@canpin,"Did he says iran is using "" Chinese radars""??! Chinese made? 😂😂😂",2 years ago,1,False
@canpin,Iran's defense is garbage like most of their weapons,2 years ago,3,False
@shine-kb3vc,I didn't believe Israel using airstrike to kill Mr. Haniyeh. Flying into Iran's airspace is too risky. Remember when US sent SF Teams with Helicopters  to rescue US Personnels in 1979 ?,2 years ago,0,False
@XDSDDLord,"I am disappointed in your recent coverage of Israel, from getting the Israeli Prime Ministers and major actors in the Second Lebanon war wrong to claiming the Houties used a stealth drone when the IDF said they knew about the drone, but for some reason, it was manually dismissed as not being a threat, to reporting highly unsubstantiated claims about the Haniyeh attack, including details that were not stated by credible sources. Iranian sources originally leaked that it was a UAV, not a stealth fighter, and later that it was a MANPAD. As I mentioned in my other comment the NYT said it was an IED and the IDF all but confirmed it",2 years ago,0,False
@Gabdube,I wonder if Iran is going to blame DEI for their security failures.,2 years ago,0,False
@BaddPapi,"Iran let it happened, how did they know what room to strike 🤔",2 years ago,0,False
@JAANTARIQ777,"Fukn Iran 🇮🇷  is israel 🇮🇱 
As I said Many years ago
Don't trust iran!!!",2 years ago,0,False
@plugandplayreviews,Iran is a paper tiger !,2 years ago,0,False
@Another_Day_Another_Chance,This doesn't say much for Russian and Chinese radar systems.,2 years ago,0,False
@XDSDDLord,"While Israel did not take responsibility, the IDF spokesperson confirmed that other than the missile used to kill Shukr, no other projectile was fired in the Middle East that night, meaning that Haniyeh was not killed with a projectile.",2 years ago,0,False
@ZMB-on5ub,H3 just reminds me of that terrible Hummer. I'm not endorsing terrorism but I'm also not saying it's worse than the H3.,2 years ago,0,False
@jameshammers5239,I AM SHEDDING TEARS !....  WOULD ANY ONE PLEASE HOLD ME  ????????????????????,2 years ago,0,False
@APforUA,"Who do ""Palestinian"" leaders not live in Gaza? Well, theres no such thing as a ""Palestinian"". It's not their people or identify, they're just Jordanian, Saudis and Egyptians living there. That's why they have no cohesion, no love, no care, no loyalty. It's not rocket science.",2 years ago,0,False
@michaelclemons1087,Seems to me Iran has a breach in its government at a high level,2 years ago,0,False
@Learnfluence5,5:07 Did you just say that 12000 israeli people were killed on Oct 7 bro ..,2 years ago (edited),0,False
@KondaBright,✌️✨✨✨,2 years ago,0,False
@cassini270,Unless Islam is reformed to remove the Jihadist principle ....there will always be terror in the middle east.,2 years ago,0,False
@JunaidKhan-pq8ji,"2:44 The leader of Iran, Khamanei*
Khomenei died a long time ago.",2 years ago,1,False
@GaganSagar-jd9qi,"When will  we INDIANS  understand that the wepons of russia  is complete shit 😢, how can we fight china?",2 years ago,0,False
@anonymousuzzer,Love to see Ryan Macbeth tells me you really know your stuff,2 years ago,0,False
@texasforever7887,Yet people keep insisting that the F-35 is a failure and doesn't work...,2 years ago,0,False
@pepelemoko01,"The latest information reveals it wasn't an air strike but a bomb planted in a guest house frequented by Ismail Haniyeh, remotely detonated when his presence was confirmed. This situation is reminiscent of the 1984 Brighton bombing in the UK, carried out by the IRA against the Tory Party. An IRA operative, posing as a hotel guest, placed a bomb under the bath. The device, equipped with an old VCR timer and battery, was set months in advance to coincide with the Tory party conference. Though the primary target was Margaret Thatcher, she happened to be in a different section of the hotel at the time.",2 years ago,8,False
@zealot824,"""includes... chinese radars"" Yep that checks out.",2 years ago,0,False
@stahlconstruction74,"12,000 people killed on Sept 7?",2 years ago,0,False
@specialnewb9821,"New reporting suggests it was a bomb planted some time ago. That doesn't implicate the air defenses, but some severe counter intelligence problems if acurate",2 years ago,1,False
@MrDANGEROUSIDEAS,The news is reporting that there was a bomb placed in that room two months beforehand and that it was set off by remote control so I don't think anyone knows the truth yet,2 years ago,1,False
@MSM.Mihlar,"The hizbullah has been firing missiles against isreal since last night even though all the missiles have been intercepted by the isreal's irndom Some missiles have hit the blank land therefor no dead, no injured, no casualty.
So ha ha ha ha ha ha
Zionists win win win win win win win.",2 years ago,0,False
@EAZIEE,Islam justifies the killing of people if it’s for the greater good of religious reasoning . Search Shariah law in which 80%-99.99% (depending on country) believe in And Que the pending results...,2 years ago,0,False
@vasopel,"he wasn't talking about Ayatollah Ruhollah Musavi Khamenei ,  he was talking about Khomeini Ali Khamenei that has served as the second supreme leader of Iran since 1989. 
you clearly have access to the internet...USE it before commenting! ;-)",2 years ago,0,True
@davidboatman925,"Nonsense,  It was a bomb not an F35",2 years ago,1,False
@acewings221,Why would Israel kill the man in charge lf diplomacy and negotiations unless they wanted to provoke Iran and prolong the war? 🤔,2 years ago,2,False
@hano1484,"They will then act as if they are victims, typical arabs",2 years ago,0,False
@kinkygalore5697,gbjbvvbb bb,2 years ago,0,False
@Coinmancer,"Israel bombs every country and then when anyone fights back they cry victim and have the US pay for their fights…. Israel is probably the most cowardly country as a whole, never taking responsibility for their actions and consistently hiding behind a religion crying about antisemitism for anyone who disagrees with their policy or even their murder of children. 

It’s pretty immature and disgusting to the average person who thinks objectively.",2 years ago (edited),1,False
@Flotsam7jetsam,"They probably put an ""apple air tag"" as a homing device in his luggage while he was in Qatar and waited until the event in Iran.",2 years ago,1,False
@Coinmancer,"So Iran can’t stop an air attack, and Israel can’t even stop a paraglider attack… so the air defense people pretended they have is not real, they have all been bluffing, even the US. 😂",2 years ago,0,False
@imghoti,"IRNA? Ohhhh! 

Islamic Republic News Agency

😮I thought they couldn't spell the name of there own damn country! 🤣",2 years ago,0,False
@OsehShalomTV,Haniyeh is a coward rat 😅😅😅,2 years ago,0,False
@yuppie9353,Incorrect.  A bomb was planted in the guest house over 2 months ago.,2 years ago,1,False
@no1ne875,I am intrigued by the question of why the bodyguard and Ismail Haniyeh shared the same bed 🤔,2 years ago (edited),11,False
@MyDogFulton,"Just a reminder Iran couldn’t distinguish between a US war plane and a passenger airliner that took off from their own airport only 20 minutes before. 
Their incompetence led to a lot of innocent killed.",2 years ago,0,False
@jimyeetast9335,"Love this channel, you're a realist with good info and a good attitude. Thanks for the updates bro.",2 years ago,0,False
@ThunderChasers,"Hamas, Hezbollah, and Iran, will never truly WANT a ceasefire. They are liars. Period. Israel knows this. They are on a mission to wipe out Hamas. Anything short of that and they remain vulnerable to attack. All that ceasefire talk is Hamas trying to get Israel to stop their campaign against them so they can recuperate and attack again with more force.",2 years ago,0,False
@seanseany2225,Iran statements about it isnt realistic.. first it was missile in tehran. How did israel manage to sneak a missile in tehran. Then said it was planted bomb months ago. How the hell did an israeli plant a bomb and how did they know where excatly he is going to sleep months before. Its an exclusive villa who goes there in and out should have been monitored. Doesnt make sense,2 years ago,0,False
@HuyNguyen-bm2un,"he was chanting  'death to israel, death to america' hours before he died. Little did he know an F35 was on its way. the irony",2 years ago,0,False
@rogeredrinn4592,This was a well researched and narrated video . . . kudos. New sub,2 years ago,0,False
@stevewalden7514,"Reach out, reach out and touch someone...",2 years ago,0,False
@rexblade504,"Iran will do nothing, because they can do nothing",2 years ago,1,False
@1pressureracing236,not that israel cant perform an airstrike in Iran. But this attack wasnt an airstrike some sort of atgm from the mountain,2 years ago,0,False
@adz951,Yep. Netanyahu wants to prolong the conflict.,2 years ago,2,True
@romanzusman2892,"""Surprise, Surprise!""(C) 😂",2 years ago,5,True
@markanthonydax6258,Duuuuudeee hahaha,2 years ago,2,True
@mattlewis383,"We know now that Iran was making up stories on how this happened. Israel's Mossad planted a remotely controlled bomb, that was placed in advance, in a room that he used whenever the victim was in Iran. Regardless, these two terrorist leaders needed to go.",2 years ago,0,False
@heathclark318,"Soooo I am reading it was a bomb carried into the guest house he was staying in, not a f35 strike...",2 years ago,0,False
@jamesm8965,Iran is fucking shitting their pants. They know now how vulnerable they are. They are all fair game.,2 years ago,1,False
@mangrumpyold1871,If this was an airstrike like they claim it shows an utter failure of their air defense system. This was a precision strike 1 munition 1 target. How dose a air defense system fail to see one munition.,2 years ago,0,False
@TheNetwork,"""would you intercept me? I'd intercept me""",2 years ago,5,False
@comingfall6348,"Israeli here, he was a target long before the 7th of october, but he definitely was part of the officials who gave the green light of the 7th of october, he is essentially the highest leader of hamas and taking him down is a part of dismembering hamas, am israel hai",2 years ago,0,False
@briand5379,"Big shock, Israel doesn't want a ceasefire because then their leadership might have to answer for things. We all need to be honest here Hamas isn't the only ones that should face severe penalties for the October attack, Israeli leadership should as well because they ignored the intel which would've prevented it from happening. That in my opinion is just as culpable as Hamas for carrying out the attack.",2 years ago,1,False
@EveryoneIsAmelak,Cool. Can they stop killing/starving everyone else now?,2 years ago,1,False
@pauldenham2952,Was confirmed to be a spike missile used in Iran,2 years ago,0,False
@rodneyjarvis676,October 7th  was beginning  of the end of Hamas  and Hezbollah,2 years ago,0,False
@joshuajim65,"""Chinese radar""",2 years ago,0,False
@beready992,I would not rule out the possibility that this was an inside job by the Iranian regime. This guy has become a low value high risk asset. So the dude shows up in Iran to pay his respects to the new president and is looking for some handout. Why? He’s worth nothing to the regime so he’s a nuisance more than anything.,2 years ago (edited),1,False
@mattmartian1658,So I heard it was an elaborate assignation plan that started months ago when they planted explosives in the room.  So it wasn't a jet. That's what ABC reported.  But who really knows.,2 years ago,1,False
@beachboy0505,Charade ?,2 years ago,0,False
@beachboy0505,"Sometimes you have to go with the BS, and watch the news.",2 years ago,0,False
@danchu5737,"Yeah, Israeli here. Hanya was a target for him using Palestinians and gaining 4 billion from them, and when Sukr died he was the missile commander who was in charge of the rocket attacks, and his last target wat 12 Druzr kids.",2 years ago,0,False
@TubeFlexMedia,Lets be clear here. This could not have happened unless Iranian insiders helped.,2 years ago,0,False
@compedsushi9030,"Israel owns most parts of the US/US GOV and  capitulates to Israel war crimes. Israel has nukes. We are at the tip of WW3 and it seems like Americans are hand in hand walking right into it, all at the cost of us the people... thanks cappy....",2 years ago,0,False
@TubeFlexMedia,He chants “death to America and death to Israel” in Iran then gets killed in Iran and Iran is now “mad”,2 years ago,107,False
@aaronschaefer4167,It turns out they surreptitiously planted a bomb months ago! What?!😮,2 years ago (edited),0,False
@rexblade504,The Raptor is so pissed he's not in Israel rn,2 years ago,0,True
@docbones213,😂,2 years ago,0,True
@GaganSagar-jd9qi,"When will  we INDIANS  understand that the wepons of russia  is complete shit 😢, how can we fight china?",2 years ago,0,True
@JuanPerez-ru5qt,"So they can hit 1 guy in 1 building and not flatten a whole block in the process. So this confirms what everyone is saying, Israel is indiscriminately killing as many civilians as they want. With no repercussions. They want to kill as many Palestinian civilians and reporters as possible. Believing they can get away with it. Wait is task and purpose reports or journalist. I guess when they are arab they wont talk about it or even care. Shameful behavior from American so called reporters. Talk about before oct 7. Things dont start on the day. It started when Zionist terrorist invaded. Maybe talk about that and ill watch it. But you guys lost all credibility with this whole both sides thing. Its like saying hitler and the naxis were just doing military things. Nothing else cuz were neutral. Both sides are doing wat things. In this analogy the military fighting occupation are terrorists and the occupation is justified because god chooses those people.",2 years ago,1,False
@jamesmichael7448,"Israel is walking right off a cliff. Their tech is still above that of Hezbollah and Iran, but it’s too small to win a prolonged conflict with them.

Israel assumes the U.S. will rescue it if it gets into trouble. 

Ignoring the moral stance of the U.S’s full commitment to defending Isreal, it is just becoming increasingly difficult for the U.S. to keep dumping huge amounts of tax dollars and military aid into this tiny toddler like nation. 

I can’t see the U.S. being able to stomach fighting a world war on Israel’s behalf. The U.S. is talking tough, but just like South Vietnam and Afghanistan, once the Military industrial complex in the U.S. no longer sees value in its relation ship with Israel, it will abandon it. 

Isreal is really pushing its limits",2 years ago (edited),0,False
@yaboipalps8616,"the Houthi drone that hit Tel Aviv came from the west, which is how it got past air defenses.
the israelis believed it was someone else's drone",2 years ago,4,False
@kylea4225,Dude F35s look like literal spaceships,2 years ago,23,False
@sjappiyah4071,The fact that ppl are claiming Israel are the escalators in response to an attack killing 12 kids are wild !,2 years ago,2,False
@CountJeffula,Israel shouldn’t negotiate at all until all the hostages are returned. Hamas is a terrorist organization.,2 years ago,1,False
@drakeautos1069,u are just speculating to get paid...,2 years ago,1,False
@ypdmd,"Sorry, we thought the local cops were checking the room for bombs. Besides, the house has a sloped roof.",2 years ago,0,False
@jeffswingdancer8302,This video didn't age well -- It's reported in today's papers that the Hamas leader was killed by a bomb hidden in his room. Israel has operatives in Iran that don't always use the latest military hardware.,2 years ago,1,False
@skbid1,It always amazes me when the subject of humanitarian aid and their population having serious issues with famine and disease occurs after they get hit. I guess the stupid question to ask is if their population is in such dire straits why are they not taking care of that issue instead of using all their money and effort in attacking everyone around them? Priorities?,2 years ago,1,False
@darwin1976w,NPR reported today it was a bomb placed in the house…correction?,2 years ago,0,False
@Kevin-iv3lv,Kinda reminds me of the time the middle east was fighting each other.....,2 years ago,1,False
@sterlexdev1978,Not a missile or some say the unrealistic 😂F 35 its was a bomb planted before his arrival which exploded killing him and his bodyguard and this can be proven by the picture of the building where the explosion took place and its looks like its from the inside or under the floor,2 years ago,0,False
@StarGazing8461,It wasn’t an air strike. Haniyeh was killed by a team inside Tehran who was in the next building. They sent a rocket through the window.,2 years ago,0,False
@FreeAssange-f1d,Israel is scary. 😇,2 years ago,0,False
@Lundershot1,"Oh no irans going to become even more buddy buddy with Palestine, yeah it’s not like u basically prop up there entire country already is it this is like saying your child is your family, like yeh they were fking born that way",2 years ago,1,False
@johndesousa7379,Don't mess with Israel. They don't mess around. Never poke the Bear.,2 years ago,0,False
@NotSure416,Now it makes sense why America let in all those illegal immigrants.  They’re going to be cannon fodder for WW3,2 years ago,0,False
@TheRetroLab,Israel needs to stop killing civilians.,2 years ago,0,False
@Apotacylltube,It was a bomb not a F35,2 years ago,1,False
@fangwu7576,heyyyy same pfp,2 years ago,0,True
@ecomadrian809,"You serious? Have you seen how many children Israel has killed in Palestine? These organizations like Hamas, Hezbollah, Houthi's will never stop if Israel doesn't leave Palestine. Its common sense if you hear both sides.",2 years ago,0,True
@Stone_Face_Offixial,Which Iran Supports.,2 years ago,1,True
@Taskandpurpose,"I said it’s early reports , that it might not be the case, I said everything in this video is subject to change . More information always comes out .",2 years ago,1,True
@Stone_Face_Offixial,I wouldnt day its a Bear Maybe a Goblin so never poke the Goblin!,2 years ago,0,True
@Stone_Face_Offixial,"Russia is Bear, China Is Dragon, Usa is Eagle, and France is a Roaster..😂",2 years ago,0,True
@SeamourButtts,When you’re peeking your head out and get sniped on Fortnite,2 years ago,0,False
@haserotmalach7324,"The description given by the kid on this video makes Hanyieh look like an innocent diplomat/negociator and completely ignores his real persona and History of terror. And, of course Israel won't negotiate with the arabs (so-called Palestinians) because you don't follow the demands of a terrorist organization that killed 1200 of your civilians and are still holding hostages. Seriously, what world a we're living in!",2 years ago,2,False
@seanpreston3653,This will light the east up to war. Probably intended by putin imho. He wants the world to go into conventional war. So he can advance so he thinks.,2 years ago,0,False
@bnji-_-,I saw videos from the attack....ceasefire is not an option.,2 years ago,0,False
@wa4jd,"Thanks for addressing the stereotype of non-state actors and their technology. I certainly grew up in a time when only states had cool toys, but that's not the case these days.",2 years ago,0,False
@0000Ero,mossad is probably the best intelligence agency in our universe but probably nobody will ever know,2 years ago,0,False
@HappyGuy-cn9po,"Yo, if Israel has jets that can penetrate without a warning, Iran has to be concerned.",2 years ago,0,False
@YonieZukowsky51,Many Iranians actually support Israel and the United States. Now they are suppressed and threatened but one day hopefully soon their story will be told.,2 years ago,0,False
@13bathory1986,kek,2 years ago,0,False
@SuccessforLifester,I was about to research on 12000 casualties on oct 7 and saw the correction.,2 years ago,1,False
@michalsniadala1667,rip bozo nice one lsrael,2 years ago,1,False
@jawedmanowar657,"Us should be prepared for war. And this war which if happens wont be backed by it so called allies from west
As it supprted the occupation forces without any strings and allowed this ethinic cleansing of the Palestinian people
As US which labels coruption as Lobbying and has fueled war and occupation and has Allowed Hatred to become Mainstream and permanent",2 years ago,0,False
@Spartan117A51,"All you losers in the comments were claiming that Israel used an F-35 or some sort accurate missile system to kill Ismail, acting like you guys know anything about analysis and confirming intelligence fact before doubling down on your claims. Meanwhile, breaking news is that a bomb was actually planted and was used to kill him, which is drastically different than the speculation and misinformation everyone was spreading. While using either air capable threat OR planted explosive can be argued as Iran being incapable, you all failed to do the one of most important steps of analysis: verifying the facts before you spread misinformation.",2 years ago,2,False
@GregConquest,"I doubt Israel would have used an F-35 for such a mission into Iran. If such a mission were to fail, the Israeli pilot would be publicly humiliated, tortured, and executed. 

AND Iran would turn over the F-35 wreckage to Russia for the keys to a fleet of atomic missiles (or some other hugely beneficial trade with Russia - or China).

I'd think this was more likely a stealthy version of a drone. The stealth technology could be more low-tech, risking less sacrifice in technology and the pilot. The drone just flew in under the radar - with radar scrambling counter-measurers thrown in from afar. A big quadcopter type of drone could even have been launched from within Iran.

Either way, surely there are going to be photos or video of whatever craft it was, right?

Edit: And now CNN is reporting it wasn't any kind of aircraft  at all. It was just a bomb planted weeks ago. So, the Iranian government would have lied or been misled about some mysterious plane. This makes a lot more sense because there have been no photos of any such aircraft shown. Maybe Iran too has dummies inside the administration who thinks stealth aircraft are invisible, like Wonder Woman's invisible jet.",2 years ago (edited),0,False
@thor3279,"various ""peace"" protesters who want Palestine ""freed,"" when every country involved against Israel advocates for the destruction of Israel and the United States. 
They don't want peace, they want us destroyed. Yet they're the victims? SMDH",2 years ago,1,False
@ryOVXX,"""guess that's one of those cultural differences I'll never understand"" the US literally invades them from all angles 24/7 dude lmafo",2 years ago,0,False
@Atomic-Filth,"If I recall correctly, the October 7th attack, coordinated by Iran and known as ""The Flood,"" aimed to ignite regional conflict before Israel could sign a peace treaty with Saudi Arabia. It appears this is the direction things are heading.",2 years ago,0,False
@voodooillusion7219,😂Missile knows where it is,2 years ago,0,False
@sergiocampos6328,So if they can Target him in another country why the fuck are they leveling Gaza along with innocent lives?????,2 years ago,0,False
@Diamonddavej,"According to these researchers, the F-35's radar cross-section is 0.0015 to 0.005 m2, i.e. less than a humming bird.

Zikidis, K., Skondras, A. and Tokas, C., 2014. Low observable principles, stealth aircraft and anti-stealth technologies. Journal of Computations & Modelling, 4(1), pp.129-165.",2 years ago,0,False
@HappyGuy-cn9po,Fr,2 years ago,1,True
@HappyGuy-cn9po,Because there are Hamas fighters in Gaza.,2 years ago,0,True
@Grimnir_x,"Can i get Haniyeh?

HANIYEH",2 years ago,0,False
@blitskreegdeantioch5851,Thank you for not saying they were assassinated.,2 years ago,0,False
@paulvandenberg5341,"Why did Israel target him? He was the leader of the negotiation team working on an agreement with Israel.
Netanyahu killed him to slow negotiations so he can continue his genocide.
The demonstration of military technology to assassinate him in Iran  was a bonus.
Stop all aid to Israel, they are adjudicated war criminals. Turn off the computers.
If you are a male in Gaza between 12 and 80, you are defined as a fighter. How many of those 12,000 fighters were children?",2 years ago,0,False
@user-su9on1rm5o,"A surprisingly balanced and well thought-out analysis of a f-ing thorny subject, for a man who pretends he's just PFC Fucknuts ^^. Did your training officer punish you by putting you through International Studies ? Hoo-ah, Cappy.",2 years ago,0,False
@AddiMarciaReaction,Not 219 mile ( 2000 mile mate ),2 years ago,0,False
@retrohaggis7969,whats shocking?,2 years ago,0,False
@trancesendable,News channel,2 years ago,0,False
@llawrence5063,"Israel isn't the party avoiding a peace deal.  Saying Israel doesn't want a peace deal is totally wrong.  Israel (and anybody paying attention to reality) realizes the ""other"" party is the instigator of these conflicts has no desire nor reason for peace with Israel.  The ""other"" party wants to fight and Israel is giving them what they want.",2 years ago,1,False
@penname8380,Yea... We really don't need a middle man between everyone and the hamas organisation because we shouldn't be negotiating with terrorists.,2 years ago,1,False
@nissan300ztt,F35s and the Iranians didnt even know they were there.  Lol.,2 years ago,0,False
@generalinbox3740,They probably have hundreds of replacements. I dont see how this really helps,2 years ago,0,False
@yourtakingmylife3472,"Looks to me like if Yemen wanted humanitarian aid they wouldn't act like they do. Who in their right mind would choose to help a country harboring t*rrorist and randomly killing innocent people that are just trying to do their job aboard ships sailing by? THE WEST NEEDS TO STOP GIVING ANY AIDE TO COUNTRIES THAT ACT LIKE THAT OR THEY WILL NOT CHANGE THEIR BEHAVIOR. Maybe they would spend less money on weap*ns, if they had to buy some food, instead of just getting all their food for free from our tax money?? They DO NOT appreciate our help or they wouldn't act like they do. Maybe providing for t*rrorists so they can spend their money elsewhere on bad things isn't the best idea?? Why would they change their behavior when there are NO repercussions and we are constantly rewarding them for it??",2 years ago,0,False
@Phil1994a,How can the American government support this? Israel could turn on America at any time and America will be over - it’s time for America to cut ties.,2 years ago,0,False
@shukabol8438,"There's Nothing called Israel intelligence. This dirty games is by US. Only fools who don't understand American modus operandi: killing it's opponent and organizing coups, terror attack to destabilize its opponents. Israel has no military factory, everything is by US",2 years ago,0,False
@eliavyitzhak4887,NYT is claiming Haniyah was killed using a previously hidden explosive in the buildign.,2 years ago,2,False
@ArcanusLibero,Thanks for the analysis,2 years ago,0,False
@johnhintermaier7651,The real story is that the bomb was planted 2 months ahead in the residence being occupied by the Hamas leader. Check it out with your intel.,2 years ago,1,False
@moshehim1000,"It's not because they killed kids, but because those kids were Arabs, from the Druz sect of Islam, who hold a Syrian citizenship.",2 years ago,0,False
@dougsholly9323,The middle east is heading towards a full collapse very shortly.,2 years ago,0,False
@MrFarwestt99,"Photos of the Islamic Revolutionary Guard Corps guesthouse where Haniyeh was staying show little damage to the exterior walls or the structure, indicating the attack involved a small, controlled explosion that detonated within his room, said independent intelligence analyst Ronen Solomon, who specializes in Israeli operations inside Iran.",2 years ago,0,False
@maxxcarver5502,"¡ran and humus want a stop fighting?  well , ""don't Start none, won't Be none!""",2 years ago,1,False
@jamilmaflahi1695,"As Arab, we said they all trash. If we go back to history we will find out that most the political problems in Arabs countries was supported by Iran since 1979.for example Syrian civil war in 2011 more than one million civilians killed by the government that was supported by Iran. The civil war in Yemen back in 2014 most war crimes was by houtis. Look what they did in Taiz and others cities.anyway am not saying the prime minister of Israel is innocent. He failed in 7 of October to make his people safe. He is war criminal for humanity. Guys I’m not standing with any side but evil is evil and wrong is wrong.",2 years ago,1,False
@user-bf7vy3ub9c,"When you said “radars from china”, I was like: that’s it.",2 years ago,5,False
@guss77,"The IDF spokesperson was just ask about the Teheran attack and claimed the Israeli air force attacked in Lebanon but ""not in any othe country in the middle east"".",2 years ago,0,False
@Ori1337,"Did the US forgoe the term ""we do not negotiate with terrorists""?",2 years ago,0,False
@ivansherbinin,"and for what?
all these people wanted is to have a jihad.",2 years ago,0,False
@ToubaYouness,When will Iran and their proxies accept the reality that they can never defeat Israel?,2 years ago,0,False
@krzeszewski,"israel ""self defence"".",2 years ago,0,False
@watchtheirhands3346,blah blah blah   fear fear fear   yawn yawn yawn,2 years ago,0,False
@GenericInternetter,Israel are not fukking around. They really mean business.,2 years ago,0,False
@M4_Soppi_2,They are just playing civilization Revolution 6 at this point,2 years ago,0,False
@utilyre,"4:14 It's not a cultural difference. Many Iranians find that stupid as well, including myself.",2 years ago,0,False
@Aliye4,"I think that this just a IDF propaganda bcuz they didnt have much success in gaza i mean i know its “Hamas leader” 
But its actually not so that important you get it? Like he’s limited to media appearances and diplomatic matters in short his assassination will not end the war or progress towards to end the war .",2 years ago,1,False
@DerPolygonianer,"I don't get how the United Nations criticize Israel for striking a Harbor that is used for weapons smuggling to a terrorist organization. Yeah, it sucks that it's also used for humanitarian aid. But is that really a Coincidence? And what if everyone stops attacking terrorist targets if civilian damages can occur? Then Terrorists will use Civilians as Cover in even more Cases because they know they are safe as long as say their rocket base is next to a hospital.",2 years ago,0,False
@vill9859,Even while they chant death to america you guys act soft with them...,2 years ago,0,False
@0456-s9g,"It wasn't a missile, a bomb remotely controlled with AI intelligence detonated & killed Haniyeh. A while back, Iranians top nuclear scientist Mohsen Fakhrizadeh was killed by an AI controlled machine gun mounted on a pickup truck which self detonated after the assassination. I would bet Raisi's helicopter crash wasn't an accident either. All work of the Mossad, and their spies.",2 years ago,1,False
@Klint_Izwudd,"""The peace talks keep falling apart""

Seconds later

""He was seen chanting death to israel""

Gee I wonder if there's a connection.",2 years ago,269,False
@morgansmit8564,Thank you Cappy!,2 years ago,0,False
@mehulpatil221,Chinese radars are trash 😂😂😂,2 years ago,0,False
@MrTubularBalls,0:05 how is this a shocking move? it's a classic example of FAFO. Is this the Military Snowflake channel now?,2 years ago,0,False
@MrChadbag,They got a deal on them from Temu or AliExpress.,2 years ago,0,True
@hanyuu8808,cry,2 years ago,0,True
@Moha122-r8f,"peace talks fall apart for a group that has killed 30,000 civilians",2 years ago,0,True
@Justin-pe9cl,HAMAS doesn’t want peace.,2 years ago,0,True
@alexseguin5245,There is absolutely none,2 years ago,8,True
@PerfectlyFunctioningAI,"did he tho? he looked like he was sitting down quietly. I find it hard to believe that the guy trying to end the war would just turn around and be like ""yea war!"" Plus is side is getting anihilated why would he doom his people?",2 years ago,7,True
@dsadunnodudeish4535,"​ @PerfectlyFunctioningAI 
Lol have you ever heard a Palestinian speech?🤡",2 years ago,0,True
@PrimetimeX," @PerfectlyFunctioningAI  ""why would he doom his people""
Lol you could ask him that 20 years ago when he started organizing mass rocket attacks against Israel and forcing Israel to continuously up their defensive military arsenal. Then he orchestrated an attack on Oct 7th, and on his hands lies the blood of 40,000 of his own people. Dead because of him.
Israel does everything right. Palestine does everything wrong. Its obvious to see that",2 years ago,0,True
@KingTFD,​ @PerfectlyFunctioningAI  cope,2 years ago,12,True
@ezraatencio2361,"Apparently It was not a missile, it was an explosive device smuggled into the guest house.",2 years ago,9,False
@Clarkkentir,"In Canada and London, the Devils sit and discuss how to fuck up this world even more over a cup of tea, and in Iran, they chant death to America. 😄",2 years ago,0,False
@Patrick-kq9fy,How do you know it was Israel?  CENTCOM has been off the leash since the whole Biden-is-senile thing.,2 years ago,0,False
@Klayhamn,it's about sending a message,2 years ago,0,False
@PaulGilesGiles,"CNN reports that Hamas political leader Ismail Haniyeh was killed not by an Israeli bomb or rocket strike that day, but by a bomb planted in advance at the Tehran guesthouse where he was staying.

The New York Times also writes about this. According to the publication, Haniya was killed by an explosive device that was secretly smuggled into the guest house.

The bomb was hidden about two months ago in a guest house run and protected by the Islamic Revolutionary Guard Corps and part of a large complex known as Nashat in an upscale area of ​​northern Tehran, the newspaper said.",2 years ago,2,False
@maxrockatanksyOG,Middle East is kicking off like Biden fallin' down!,2 years ago,0,False
@SgtOddball90,You look like a complete fool posting a video like this without confirming anything first! The f-35 absolutely still sucks!,2 years ago,1,False
@spenkew,He wasn't killed by a bomb or missile dropped by planes. He was assassinated by bombs planted in the room.,2 years ago,92,False
@AL-gc2fj,I have read that it was a bomb that was there for two months..so what is it now?,2 years ago,1,False
@rahulnaik632,"Latest reports from CNN states that the assassination was an outcome of an IED that covertly lodged in the ""Guest House' where Hanniyeh was put up. It is said that this was a guest house that Hannieyh visited often and Israel just planted that explosive device and remotely detonated it when the moment was ripe.

If this is true then the whole premise of an airstrike or missile strike goes out the window.",2 years ago,0,False
@robryan2079,"Suddenly I am questioning the abilities of Iran’s air defenses 

Oh yeah, and F*ck Hamas",2 years ago,2,False
@AlanTheBeast100,"Except there was no airstrike.

Recent news report (NYT - Aug 1 )suggests that a bomb killed Hamas' political leader Haniyeh and was put in place months ago in the building.  This related to the NYT by 7 different officials from various countries including Iran and the US.
Perhaps an Israeli plot to kill whoever of importance ended up staying in that guest house.
On learning he was there (I surmise), the bomb was remotely detonated by an agent of Israel.",2 years ago (edited),2,False
@hello-ji7qj,"NYT ""The two Iranian officials who described the nature of the assassination said they did not know how or when the explosives were planted in the room.""",2 years ago,0,False
@saintmichael881,"Wow, It's almost like biden reinstituting obama era geopolitics was a bad idea 😅",2 years ago,0,False
@pk2508,"Turns out the killing had nothing to do with an airstrike. 

Allegedly, a bomb was planted IN the building by Mossad months beforehand and then remotely detonated it once he was there. That makes it more baffling and embarrassing that Iran allowed for this to happen.

How many months prior for them to telegraph that he’d be there for the inauguration of a new president who only came into power after a helicopter carrying the former President crashed?",2 years ago,1,False
@alexkirnes2155,"You have a small mistake, a bomb was planted in Haniyeh's room a few weeks ago... and not by aerial bombardment",2 years ago,128,False
@agamcohen3286,"Qatar is a terrorism funders idgaf about what they say. 
And aboyt hzballa they said it wasnt them because they victims are druze and the druze will revenge because there is a minority of druze in lebanon.",2 years ago,0,False
@agamcohen3286,Qatar is a terrorism funders idgaf about what they say.,2 years ago,0,False
@FreePalastine-n7f,You saying it’s cultural differences when they say death to Israel and America is pure ignorance. Israel stole the nation of Palestine and has even engaging in a 76 year ethnic cleansing campaign that’s developed into now a a Gaza human genocide and West Bank apartheid. Why would they love their oppressors ? If America didn’t support Israel with money and weapons used to kill then and actually treated Palestinians and other Arab nations as friends in the pursuit  of justice against Israeli crimes against humanity they wouldn’t hate America. Saying it’s cultural differences ignores Israel’s atrocities and theft and Americas compliance,2 years ago,0,False
@michaelbasov6841,"Ceasefire negotiations haven't accomplished a thing in 8 months.

Hamas' only bargaining chip is the hostages, but between Israel rescuing hostages on its own and Hamas' admission that they don't know how many hostages are left, that chip isn't worth much.

And Iran isn't going to get involved for one simple reason. If Israel killed a guest of the Ayatollah in his own palace, they can kill the Ayatollah just as easily.",2 years ago,0,False
@godofdestructionFTW,Either way he definitely aint gettin 72 bchs in the afterlife😂,2 years ago,2,True
@mookerthekow,"I heard this as well, from Will Carroll's channel. Is there verified proof of this?",2 years ago,0,True
@zentriffid," @mookerthekow  The claim has come from  the Iranians, I wouldnt put much credence to it.",2 years ago,10,True
@vladmatei1958,"How did people get so stpd in the internet era?
All parties confirmed it was a bomb planted in the room by 2 members of the Iranian National Gurd who were extracted 1 hour later by Israel at the Iranian border.
How it is possible that a channel with over 1 million subscribers talks whatever is beyond me.",2 years ago,0,True
@iTzzCkc,Full of shit,2 years ago,0,True
@الحمدلله-و6س2ن,That’s true,2 years ago,0,True
@marklee3534,​ @zentriffid how about claims made Israel? Would you believe the most moral army in the world?😂,2 years ago,9,True
@laptv2144, @zentriffid  You also can’t put any credence in what Israel says. Both countries are proven relentless liars,2 years ago,1,True
@PISSLAMmeansTERRORISM,​@marklee3534 yes I will. They got more credibility than those flat 🌎 believers.,2 years ago,1,True
@ShehuStebe, @zentriffid and you would put it on some random 1.4 GPA having vet on youtube who knows nothing? The cope is insane.the aftermath of the bombing literally proves that it was a handheld atgm,2 years ago,0,True
@yonizarkh84,"Nobody really knows 
That claim have been contradicted by the IRGC.

They claim it was a missile shot from near by. Not from an aircraft.

Plus, IDF spokesman, clearly stated that there were no Arial attack on that night...",2 years ago,14,True
@hsnbfj8409rf, @yonizarkh84  You believe the IRGC?😂😂😂,2 years ago,4,True
@BRANDO_DIEGO, @alexkirnes2155  The F-35 is a pathway to many abilities some consider to be unnatural.,2 years ago,5,True
@PISSLAMmeansTERRORISM,"​@YOSHlGAKE including flying on its own, and be so stealthy that not even its creators are able to find it sometimes. 😂😂😂",2 years ago,2,True
@lybnychavez6953,That’s what I heard at first too,2 years ago,3,True
@tedngowa2559,So Mossad managed to get into the hotel room and plant the explosive without being noticed? Isn't that more embarrassing?.,2 years ago,3,True
@125israel," @tedngowa2559  Money, they have lots of it.",2 years ago,0,True
@DANML12,None have been confirmed or denied,2 years ago,2,True
@heavytank2,This.,2 years ago,0,True
@TheTomsijoker,They change what happened all the time. with government you can't know If they just used it to seize ad disable opposition.,2 years ago,0,True
@user-qu7ie8xw6r,Sounds most likely the mossad get busy,2 years ago,0,True
@LeeRenthlei,​ @125israel  Is that the best excuse you can muster? Money? 😂😂,2 years ago,0,True
@lewiskoluk8749,"I dont think it would be a similar response. The last one was a giant show. Telegraphed, and ended in the open. A show to limit escalation.

I doubt they would react in the same fashion this time with the new type of inciting incident.",2 years ago,0,False
@jon9021,"12:05 “the United Nations stated: blah, blah, blah..Israel bad..blah, blah..all Israel’s fault..blah, blah”
That pretty much covers everything the UN EVER says.",2 years ago,0,False
@SynthRockViking,"Did they kill just the guy, or also an entire building of another nations guys? 💁‍♂️",2 years ago,0,False
@hello-ji7qj,New York Times reporting that a bomb was placed in the guest house 2 months ago.,2 years ago,95,False
@pattattack1,"I don't think you should be phasing it as ""A major escalation by [Israel]"" (Time stamp 19 seconds) when they are just responding to multiple escalations from Iran and its proxies.",2 years ago,0,False
@JeromeBarrett-g6d,4:52 correction. 1200 people.,2 years ago,0,False
@SanSal-es1tt,"Haneiyeh was worth $4 billion or more. The top 3 Palestinian leaders are billionaires, made money stealing all that aid from foreign countries. Horrible people!",2 years ago,0,False
@AmnesiaOnion,The reason Hezbollah denies the attack on the Golan heights more specifically on Majdel Shams is because that it's a druze village where most of the community support Syria..,2 years ago (edited),0,False
@parrotbrand2782,Ok. They planted a bomb that killed him. Stop the nonsense about F-35s. F-35s are useless and have no battle proven records,2 years ago,1,False
@dougieranger,Iran now looks incompetent and incapable. 😂 They must be furious. 😂,2 years ago,0,False
@zzmr_stretchzz8772,4:20 why he say fuck me for? - 50 cent,2 years ago,0,False
@anthonyigania8465,There’s always a war in the Middle East. Whether it’s religion or oil LOL.,2 years ago,0,False
@jamestill8605,You always know you have a good leader when they don't live in the same country as you,2 years ago,1,False
@balapesar,"No sir, it is not ""cultural difference"". It's not part of Iranian culture to chant death to anyone. Unless someone lives under a rock, they must acknowledge that an overwhelming majority of Iranian people hate the Mullahs' regime in Iran. Majority of Iranians like the people of Israeil and want friendship with both Israeil and the United States. The western governments should stop helping that hostage-taking regime, and instead support the Iranian people who are fighting for democracy. A free and democratic Iran will be the anchor of peace for the Middle East and entire world 🇺🇸❤️🇮🇷",2 years ago (edited),1,False
@user-mx1yk8mj2l,when will isreal pay for the crimes they commit?,2 years ago,1,False
@Terradrax,"when 2 terrorist groups fighting eachother it simply results in the deaths of many innocent people. The people of palestine didnt ask to be palestinian, they were simply born that way. They are people just like the rest of us, imagine if your house got bombed because it might potentially have terrorists in it? Thats a really overkill brutal way of dealing with things, i am no longer a supporter of isreal, they have gone insane just like the american government",2 years ago,0,False
@paulm1262,He said they either refueled mid air or used a external fuel tank but there's a 3rd option. Israel has a air base in Azerbaijan that is well within range of Terhan. Google it,2 years ago,0,False
@anatoliod.mendoza-cruz9751,How was that man that killed 241 marines even allowed to live,2 years ago,0,False
@davidribosome4326,"Reminder that Israel killed this guys whole family, and that this guy was trying to broker a two state peace deal. This assassination makes Israel intentions clear. They want war, not peace.",2 years ago,0,False
@pedroalmeida4335,They used a bomb planted in the guest house in Iran. Go watch the show Tehran. They show you exactly how the Israeli's do things inside Tehran.,2 years ago,1,False
@nadavvvv,him and his bodyguard,2 years ago,0,True
@euroe12,Which is even MORE embarrassing for the IRGC.,2 years ago,37,True
@laptv2144, @euroe12  Embarrassing for the US which keeps supporting these international law breakers despite it not being in the US’s best interest. Literally being used,2 years ago,1,True
@laptv2144," @hello-ji7qj  Hmm I wonder who owns the NYT. Oh that’s right,  a J family",2 years ago,1,True
@laptv2144, @hello-ji7qj  I wonder what group of people own that newspaper????,2 years ago,1,True
@africa_geopolitics,And you believe the NYT when it reliably lied to you every single time? Go figure!,2 years ago,0,True
@kimmogensen4888,"New York Times claimed that Hunter Bidens laptop was Russian misinformation, election interference, and January 6 2017 they cried about the current VP confirmed the election results,
and called it stealing the election when Trump in 2021 attempted to do the same thing but with the same result the VP confirming the election, both times there where violent riots. Iran has to same journalistic standards as the banana republic USA and the Democratic Party also like to use the judiciary system as a weapon against the opposition.
Who knows what happened and what killed the Hamas leader, if they would do this? It might be something else they should not be trusted no matter what they claim",2 years ago,0,True
@PISSLAMmeansTERRORISM,NYT is a joke ! It was placed hours before.,2 years ago,0,True
@danielrejets2217,lol cry,2 years ago,0,True
@noelrodrigues8179,"That guy was not supporting a two state, he was supporting taking over all of Israel. Also he said that he will repeat October 7 again and again. 

The only thing he was involved in was negotiations",2 years ago,0,True
@PanoStressed,"He was not elected, he was not trying to broke no peace deal. He and his organization used the money the West sent him for more than 40 years in order to help his people only to wage war and stuff weapons under hospitals. He lived in Qatar in some 5 star hotel. Hamas has killed thousands of Palestinians too, they are a terrorist organizations. Just  because you hate the Israelis doesn't mean we will begin to glorify terrorists. Next time think a little bit more before posting love letters to terrorists.",2 years ago,0,True
@danielrejets2217,lol you’re living in a upside down reality 😂😂😂,2 years ago,0,True
@jackal_sniperr,crying allah noises,2 years ago,0,False
@ihdiadgdhwbad1,4:09 why is the iraqi president there dude i have no hope for my country lmao.,2 years ago,0,False
@jma00a1,"ha, much more interesting.; Not air strike, bomb planted in Hamas leader’s room two months ago. Bomb detonated when confirmation he was in the room. Now Israel has plausible deniability.",2 years ago,1,False
@ashmarsim,hezbollah had initially claimed responsibility for the missile attack in Israel until they found out it killed 12 kids. They then denied responsibility.,2 years ago,0,False
@SanjayTiwari-yi2mg,"Jews population 15 million -- nobel price won 189
Muslim population 1.8 billion --nobels won  24
Islam and Judaism have same roots but islam is distractive and judism is constructive",2 years ago,0,False
@grahamebell4593,"No Longer Can the West Claim the MORAL HIGH GROUND

""The horror and human suffering in Gaza have destroyed the claim of western democracies to behave better than dictatorships and authoritarian regimes. By rejecting a ceasefire and supplying weapons to Israel ,the US,UK and their allies are seen by the rest of the world as participants in the merciless war that has killed more than 40,000 Palestinians 80% of them Old Men, Women,Children and Babies with perhaps another 3,000 babies and others beneath the rubble of a country where more than 80% of the homes have been destroyed  or rendered  uninhabitable with another 1000,000 Palestinians at least severely injured."" 


Since October 7th the whole world NOT JUST THOSE COUNTRIES THE NEVER RECOGNISED THE ILLEGAL STATE OF ISRAEL and never will ,the whole world has come face to face with the racist GENOCIDAL MONSTER that was allowed to expel near 1 million  Palestinians from their homes in 1948.

It takes little scholarship to understand why we are where we are in Palestine or to determine the solution which is :-

One State where all : Palestinian ,Jew and all whose faith draws them to Jerusalem  and those of no faith to live peaceful  and prosperous lives as Palestine was before 1948 but one without occupation by anyone not the British Empire or that of the Ottomans 

                      Arabs to not hate Jews Jews do not hate Arabs 

                                    ZIONISTS HATE BOTH 

         From The River To The Sea : A Free Palestine
 
That is what the refrain actually means .It is not a genocidal rendition .

                  That is a sinister Zionist interpretation. 


Now  within days of the ICC issuing arrest warrant for war crimes and probable GENOCIDE against  Netanyahu the Israeli PM US congress  issue him with an invitation to address congress  and during  that 60 minute address  from this WAR CRIMINAL received  60 STANDING OVATIONS .One every minute of the address.",2 years ago,0,False
@halo3gta4mw2gow3,Apparently Israel is trying to drag America into all out war in the Middle East 🙄,2 years ago,0,False
@rael5469,"I wonder if Iran cooperated with Israel on getting these guys because the Hamas leaders attacked Israel without Iran's permission. Maybe this was Iran's way of compensating Israel so Israel wouldn't turn their weapons on Iran. 
This is the way the real world works. The world isn't black and white. The world is shades of gray.",2 years ago,0,False
@cristianbartt1261,"They use probably Drones for this hit. Not necessarily F35 or similar.  The Iranian military is not specific on ""air strike"": high/low altitude plane or drones. In any, nothing is safe with todays tech...
Thanks.
CB.01.08.2024",2 years ago,0,False
@powerplantpartners743,"No offense intended, but your intel is wrong about the action being carried out by a plane or missile, and your analysis is wrong as to the purpose of the action.",2 years ago,0,False
@actual5186,"Turning 1,200 into 12,000 is a 200,000/ 6,000,000 joke right?... Right?...",2 years ago (edited),0,False
@rdunsky1,"Most Israeli media currently saying it was a bomb placed beneath his bed or an AT, Iranians trying to save face and saying it was not carried from within iran. In western perspective an air strike sounds more impressive, but around here it's the opposite",2 years ago (edited),1,False
@geeunit831,The fact this happened on Iranian soil and undetected just shows how ill-equipped Iran is if they are to go to war with Israel.,2 years ago,1,False
@kristianroberts5590,This is not looking good.,2 years ago,0,False
@TruthSeeker1390,Free Palestine,2 years ago,1,False
@vinnylotto3507,we don't negotiate with terrorist's sorry to inform everyone,2 years ago,1,False
@Bumstuffer,We can see you reading the teleprompter.,2 years ago,0,False
@Cptbaraa,"A man that fight for years for the liberty, bulled by keyboard lions 👏👏👏 to the idiocy of this comment section",2 years ago,0,False
@Special_K_42069,"Hezbollah claimed responsibility for the strike in Golan Heights early Saturday morning, then deleted the post and rescinded their claim when it came out that they killed civilians.",2 years ago,1,False
@dicky3340,Is it me  or has his voice been tweeked into some weird autotune internet version of his voice. Or is just all A.I.,2 years ago,0,False
@danielrejets2217,From Hamas?,2 years ago,0,True
@thurmansmithjr3149,"Not just civillians, but Arabs.",2 years ago,0,True
@Carson_Ng_2004,"I don't feel like his voice has been tweaked. Also, the scenes showing his face, h movements are very human and match his voice well. Why would u think that?",2 years ago,0,True
@dicky3340, @Carson_Ng_2004   just that I've watched cappys army for ages and he sounded a little different to me. A bit like those Rogan clips that are not Rogan. I could be way wrong but just wondered if anyone else thought that. No harm meant,2 years ago,0,True
@user333-us4qz,Think if US never had a friend like Israel. 50-80 procent lower debt.  9/11 attack would never had happen. 50 procent less spending on the Military. And the American People would be more United as a country ! 🤣 what a friend Israel. !👏🤷‍♂️,2 years ago,0,False
@danboyd6609,I'm ashamed that the US is facilitating Israel's policies.,2 years ago,2,False
@CrypidLore,"When Israel says they're going to eliminate a set group of people, it's safe to say they mean it. Ask Germans from WW2 living in South America.",2 years ago,0,False
@hakes2,Scary days we All live in,2 years ago,0,False
@budipekerti1365,"ISRAEL IS WORSE THAN NAZI.. NETANYAHU IS WORSE THAN HITLER.. ISRAEL IS THE PUREST TERORIST.. WHILE FRAMING AND THE PROPAGANDA OF TERORIST, IS ISRAEL-MOSSAD NO. 1 AGENDA.",2 years ago,2,False
@Longestspring,"Israel assassinated the person they  were doing a peace treaty with .. not only that they murdered his grandkids, children and now him. Israel with in a week bombed 4 different countries",2 years ago,1,False
@Ji66a,Iran self sabotaged their attack on Israel in April. So they could look tough to their people while letting Israel know they didn’t want to continue the beef.,2 years ago,0,False
@JonathanPell,"Lol, I really like your content and channel but, it just dawned on me today while watching: you look exactly like 'Ser Criston Cole' and now I cant un-see it lol",2 years ago,3,False
@ChandlerJPatey,7:15  rah  o7,2 years ago,0,False
@patrickrichard2106,Israël ALLEGEDLY... :-),2 years ago,0,False
@Peter-or8oc,"I think China is playing a waiting games all of these wars that are taking place like Ukraine , gaza and in Africa is wearing the Americans down because America has to help every country that has signed a mutual defense contract with is slowly depleting America's arsenal so as soon as China perceives that America is struggling to fulfil their obligations that will be the time jinping will attack Taiwan",2 years ago,0,False
@teddycustumz3267,Oh no. All those Hamas protests are going to get 10 times worse,2 years ago,0,False
@Peter-or8oc,You just can't negotiate with extremism look at Afghanistan you had the world's best military with billions and billions of dollars of hi tech weaponry and what happens after 20 years of fighting absolutely nothing the country was taken back fully after two weeks of the allies leaving by the very people they went there for in the first place thousands of coalition lives and hundreds of thousands of INNOCENT civilians and on top of that the coalition left billions worth of weapons lying about for the Taliban to pick up of the floor again there's no negotiating with extremism full stop,2 years ago,0,False
@hopelessmetsfan3583,"later, bozo",2 years ago,0,False
@salarebad.i,"Come on man
You really think people like saying down with usa in iran????!!!
Just don’t ever say that again
People are not the rejim
It’s like I say americans all like to topple iranians democracy like they did back in mosaddeg time",2 years ago,0,False
@anp901,Mossad sends its condolences to the bereaved people and distance itself from any involvement in the senseless killing.,2 years ago,0,False
@jimtalbott9535,"Iran, NK, Russia, China….they all seem to have “the most well-defended” this or that, or any number of superlatives…..all bunk, it seems.",2 years ago,1,False
@ShrimpOfDeath,"Well, Israel has long been known for advanced airforce and assassinations. Maintaining the reputation, it seems.",2 years ago,0,False
@Peter-or8oc,Iraels president has wanted wider conflict from day one,2 years ago,0,False
@bidhan420,Netanyahu visited US/Biden 2 days ago and US not aware of the attack. Seriously ??,2 years ago,0,False
@redwolf1647,Bullshit,2 years ago,0,True
@user333-us4qz, @redwolf1647  israel = US tapeworm. Not bullshit facts ! 😁,2 years ago,0,True
@eliya7775,😉,2 years ago,1,True
@kolloduke3341,"Historically, one of the dumbest decisions ever under taken 🙄 well done ?",2 years ago,0,False
@icantseethis,they are relying on the ass300 for air defense? 😂,2 years ago,0,False
@CanadianGooseWithagun,Isreal is kicking ass and literally taking names I see mass Middle East war with America the uk and Germany and other such countries being arms dealers,2 years ago,0,False
@LynbrookMutt,"Chris (@cappyarmy), you mentioned the Houthis have downed F-15's. Can you elaborate/provide proven info?? I was honestly under the impression that said jet was still 104-0 .Thank you! God bless you brother.",2 years ago,0,False
@johnny_fatz,Iran is talking like a tough guy. But all those fools are sleeping and eating inside concrete bunkers now.  Keep your heads down boys!,2 years ago,0,False
@LowWinterHop3,"I appreciate the honesty, but maybe don't tell the world you are aware you are killing 2 civilians for every 1 combatant. You're a government for god's sake. Act like one and lie.",2 years ago (edited),0,False
@Master_piece.freedom,As an Iranian these people do not represent us.,2 years ago,131,False
@TonyK_13,"According to a report by the The New York Times, based on information provided by several Middle Eastern officials, including two Iranians and an American official, Haniyeh was assassinated by a remotely detonated explosive device hidden in a guesthouse where he was staying. The device had been smuggled into the heavily guarded complex approximately two months earlier and was detonated once Haniyeh was confirmed to be in his room.",2 years ago (edited),0,False
@oscrates,isreal can do all this but they didn’t see the initial attacks coming? ethnically pure zion…..,2 years ago,0,False
@WbaWbc,Why is Israel? Is it in a land where only Middle Easterners live?,2 years ago,1,False
@karthick_gta,Did Iran sell out the Hamas leader to Israel and USA for money? How could they precisely kill him in the capital city of Iran?,2 years ago,0,False
@prashanthb6521,Israel should not negotiate with Hamas. How can you settle with people who killed your own baby.,2 years ago,0,False
@jarnMod,"So, Israel burns Gaza while they know the key target is in Iran. They sure learn this from the US, from burning Afghanistan for a dude in Pakistan.",2 years ago,0,False
@thegiantmiget8,WW3 speedrun any% ME edition,2 years ago,0,False
@izyb6608,Kabobs all around!,2 years ago,0,False
@islamdo,"Wasn’t air strike, a bomb was planted inside his apartment 
In iran",2 years ago,1,False
@Persianpride4azadi,Fuck Israël,2 years ago,0,False
@freen3x3r,Israel attacked capital of iran... Iran can fight back ?,2 years ago,1,False
@GETLITUP69,"Oh well. I WILL NEVER LOSE SLEEP OVER COUNTRIES WHO ATTACH ISRAEL, THEN WHINE LIKE A BUNCH OF BABIES WHEN THEY GET A TASTE OF THEIR OWN MEDICINE! Read the Bible ISRAEL will never lose!!",2 years ago,0,False
@alex4863,"If Netanyahu wants Hamas to stop being the predominant governing institution, maybe he should stop funding them with Qatar.",2 years ago,0,False
@vervixx9272,"who are ""these people"" your government?",2 years ago,2,True
@Master_piece.freedom, @vervixx9272  unfortunately yes.,2 years ago,3,True
@cameronhermann9400,Thank you for saying that. I appreciate your honesty,2 years ago,1,True
@minhaexistencianaotemsenti7132,"This man is dead, he simply doesn't know yet 🎅🐡",2 years ago,1,True
@TheMightyWalk,You aren’t iranian,2 years ago,0,True
@driftFD,Neither do you.,2 years ago,12,True
@Master_piece.freedom, @driftFD  😂,2 years ago,3,True
@standfirm8180,Source?,2 years ago,0,True
@PanoStressed,"No, cause they know they would lose.",2 years ago,0,True
@anthonyscott5134,"Please end the UN! It’s just insane! Like hamas, the Houthis use civilians and hospitals, food relief ports as cover for their military operations. Israel attacks those locations because of that military use and Israel is considered the bad guys and rebuked by the UN? WTF! The United Nations is a joke!",2 years ago,0,False
@sushibreath,What happened last time israhell did this?..,2 years ago,0,False
@nb9403,"This guy is a journalist,  how you got confused being in the military  before is crazy",2 years ago,0,False
@cloudysheep2603,Bro didn't even bring up the surrodning the 12 kids death about the chance it was a malfunctioning air defense missile from Israel.,2 years ago,0,False
@simabima4633,Hezb Allah is Iranian not lebanais the lebanais people hate them,2 years ago,1,False
@tackcolin6645,You can run but you can’t hide! 😂,2 years ago,0,False
