user,comment,timestamp,like_count,reply_to,kategori
@Calloftheseal-s8m,They should have used those drones to guard their own territory instead of seeing if the could attack a us aircraft carrier,7 months ago,0,False,Lainnya
@Matthew-z1f1s,I'm so glad they got shukr that piece of sht,11 months ago,0,False,Lainnya
@eleventyseven4321,"I had to research a couple of times, but it seems that it is contested wether the houthis have actually destroyed or taken down any f15",1 year ago,0,False,Lainnya
@GARBO96,Youtubers need to stop putting their cringe thumbnail face in every thumbnail you're clearly running out of weird faces to make so don't put your face in the thumbnail,1 year ago,1,False,Lainnya
@duanebogan3836,"You all, know, under the shadow of the wing of God (Psalm 36), Yay Yay, or nay nay",1 year ago,0,False,Lainnya
@duanebogan3836,"Good day, thank you, Sir, Semper Fi. Have you, you all ever read the whole Bible? Talk about hell, the Bible mentions core, core of the Earth, However, I think people are actually standing on the solid core, while the liquid hot magma layer, rhythmically ""washes"" over you. Sort of like a hoo-ahh, a hot water-boarding session, huh?  Well, love God, and Lord Jesus or not, I do, apparently people are going to be washed, 1 way or another. By the blood of Christ, my choice, of by liquid hot magma. What do you, you all think? Knowing Moses, probably not in Babylon, Amen. Yay Yay, or nay nay",1 year ago,0,False,Lainnya
@bryanadamsgenesimmons,I KEEP PLAYING STUFF YEAR AFTER YEAR AND BLOCKED,1 year ago,0,False,Lainnya
@bryanadamsgenesimmons,I DONT HAVE THE INFINITE JIHAD PRIVILEGE ON JIHAD  HAPPY  ISLAM-YOUTUBE  WTF,1 year ago,0,False,Lainnya
@Delta-l5l,Homie went from HAMas to HUMMUS 🤣🤣🤣🤣🤣🤣🤣,1 year ago,0,False,Lainnya
@LcplAnimeGuy,Why is Iran even part of the UN!? They hate us and our allies and buy Russian equipment and constantly go on and on about how we're the bad guys. They don't even follow anything about the UNs Human rights acts given what they do to there women.,1 year ago,0,False,Lainnya
@HANTERICH,Because one side of this conflict is a JOKE and media is depicting a false enemy. Fake media again.,1 year ago,0,False,Lainnya
@HANTERICH,Because one side of this conflict is a JOKE and media is depicting a false enemy. Fake media again.,1 year ago,0,False,Lainnya
@dougfoley6175,"Quebec has Poutine, Canada has Maple Syrup.",1 year ago,0,False,Lainnya
@JWMLUCKYDEVIL-bh6ie,Wasn’t it 1200 ppl?,1 year ago,0,False,Lainnya
@HamDanSan," @manofsan  plz don't use logic on this channel, only hurah and we are strong and they are barbarians is allowed here",2 years ago,0,True,Lainnya
@Knox-umbra,"Came to the comments to say this and glad you pointed it out yourself, self-accountability is one of the most important qualities one can possess. Kudos, and great content as always.",2 years ago,8,True,Lainnya
@jastrapper190,The children are using Ismail’s head like a soccer ball. For a few moments his head became the first working Iranian satellite until it came out of orbit and landed for the children to play with and enjoy.,2 years ago,3,True,Lainnya
@jastrapper190,So is Vance married to a black woman? I’m confused. I think Vance should start screaming that from the rooftops. He’s married to a black woman!!!! That’s at least half of an infinity stone… right?,2 years ago,3,True,Lainnya
@gandydancer9710," @jastrapper190  Wrong. Vance is married to an Indian-American (subcontinental variety), one born in San Diego and a classmate of Vance's at Yale. Is your search engine broken?",2 years ago (edited),0,True,Lainnya
@OrenIshiii-rg7sr,"​ @matthewmcdermit8744  yes , Bullies cry when that are bullied ironic isnt it.",2 years ago,3,True,Lainnya
@OrenIshiii-rg7sr,"​ @matthewmcdermit8744  ​ What? . . . Leaders of terrorist organizations are terrorized when they are targeted.  
yes , Bullies cry when that are bullied ironic isnt it.",2 years ago,3,True,Lainnya
@rocko7711,Who had WW3 on their Bingo Card?,2 years ago,2,True,Lainnya
@NigelAnderson-iu2bs,They have just reached the find out part of the FAFO,2 years ago,2,True,Lainnya
@jonasbaine3538,Relax. This certainly isn’t a ww3 catalyst event.  This situation just reveals that irans biggest threat is domestic opposition groups happy to give intel.,2 years ago (edited),1,True,Lainnya
@jonasbaine3538, @Taskandpurpose  who flagged by harmless neutral comment😡,2 years ago,1,True,Lainnya
@zeening," @jonasbaine3538  youtube's automod, i just got off a 24 hour silence for saying something pretty fkin benign because i said ""swear words""",2 years ago,0,True,Lainnya
@kamartaylor2902,Hi hello. Have you done a video on the space force and space warfare? And what is the role A.I will play in the future?,2 years ago,1,True,Lainnya
@RichardsMiscCorner, @kamartaylor2902  a space war would result in humanity being stuck on this rock for the next 100+++ years and our technology reduced down to pre-satellite days. Let's hope that never happens.,2 years ago (edited),3,True,Lainnya
@campsitez2355,who would have thought the victim's cellphone could tell the bomb where to land?,2 years ago (edited),1,True,Lainnya
@adw6894,"Iranian government is only tough on Iranian women and Iranian protesters, no one else.",2 years ago,1,True,Lainnya
@georgwalt7978,Did they tho? Nobody admitted it,2 years ago,1,True,Lainnya
@UncontainedGravityFire,"Quick question... did the Houthi Rebels really down a Saudi F-15? That seems like a bigger story than is being portrayed. Wouldn't that be the first loss of an F-15 due to enemy fire? Or is that ""No F-15s have been lost"" strictly referring to air to air combat?",2 years ago,1,True,Lainnya
@ilansimon3962,Is was a bomb put in a the room 2 months ago…,2 years ago,1,True,Lainnya
@snoopysnoops007,"Do none of you understand? Allowing this kind of warfare, allowing in attacks creates the justification for war.",2 years ago,1,True,Lainnya
@logitech7989," @snoopysnoops007  I'm out of this channel, unsubscribed.",2 years ago,0,True,Lainnya
@laptv2144,It wasn’t even 1200. They haven’t proven that number at all,2 years ago,1,True,Lainnya
@harrydestaffano565,"This analysis is awful. You need to take sides.  Either you support Iran or you don't
We know what happened then, when their appeasement failed in the 1930's!  
Iran's Khamenei needs to be sent on his way,  right now,  to meet up with his evil, already dead, friends Haniyeh and the evil ex Iranian President, Raisi. 
Make no mistake, Iran is coming for the west if they do not get what they want, total control of all the middle east!",2 years ago,0,True,Lainnya
@HamDanSan," @harrydestaffano565  lol he already has your back, chill... he is just trying to come out as objective. but dont worry, all the information in his video are from your propaganda sources. try to control your emotions, and maybe look for another piece of land to occupy 😉",2 years ago,0,True,Lainnya
@fyrchmyrddin1937,"Pretty sure Hezbollah boasted about responsibility for the Golan Heights attack until they found out they'd hit kids playing soccer, at which point they claimed it had nothing to do with them.",2 years ago,0,True,Lainnya
@maanmohammad8459,No worries.The US delivered Iraq to Iran on a silver platter.Iran is not going to do anything.,2 years ago,0,True,Lainnya
@RichardsMiscCorner,"Great vid as always Cappy - you've really expanded your content, and have done a masterful job with it.",2 years ago,0,True,Lainnya
@jeffwatkins4901,This is by far not the first ever attack on Iran soil you should read a history book.,2 years ago,0,True,Lainnya
@outofturn331,11:06 I swear India has nothing to do with this,2 years ago,0,True,Lainnya
@IshayBen92,HIzballah denied the attack because the victim are 12 Muslim Druse kids.,2 years ago,0,True,Lainnya
@IshayBen92,Hizballah denied the attack because the victim are 12 Muslim Druse kids.,2 years ago,0,True,Lainnya
@dannydaw59,"A news article (can't remember the news organization) said it was a drone, not a manned aircraft.",2 years ago,0,True,Lainnya
@IshayBen92, @Taskandpurpose  Hizballah denied the attack because the victims are 12 Muslim Druse kids.,2 years ago,0,True,Lainnya
@AmjadKhan-cm5sm,Why is America obsessed with Isnotreal? Or this because all American politicians are brought by them?,2 years ago,0,True,Lainnya
@shahanshahpolonium,now they got an IRGC officer,2 years ago,0,True,Lainnya
@williamyoung9401,Please consider not calling Twitter 'X'.  It just gives credence to that heir of the emerald slave mines in South Africa.,2 years ago,0,True,Lainnya
@williamyoung9401,Netanyahu launched their airstrike on purpose.  He NEEDS the war to continue; otherwise he'll get ousted and will be put on trial for corruption and whole slew of other laws he broke.,2 years ago,0,True,Lainnya
@Zoe-c9z,HOW MANY GENERATIONS ARE THERE?,2 years ago,0,True,Lainnya
@anilaskrapari117,3 days and everything over. People go on with their lifes,2 years ago,0,True,Lainnya
@Rougans,"Seek the red tread that combines the conflicts(economic ,land grabbing, religion and so on , around the world!
It’s so obvious that this will lead to WW3 
The communists are coming together to grab pieces of the world power and it’s going to lead to WW3",2 years ago,0,True,Lainnya
@iiiiiiiiiiiiililiiiiio,iran probably let this happened as part of their power play. the power vacuum could let them control palestine by proxy,2 years ago,0,True,Lainnya
@ianoconnell2831,What if they did it themselves get rid of the guy creating the conflict and move on weird plot twist? But nah I'm still saying it was the us all day 💯,2 years ago,0,True,Lainnya
@albertkaplan1673,"Another correction is you see it.
The reason Hezbollah are not taking responsibility for the dead kids is because the children were Druz. Arabs.
Not Jews. So the Arab world was also mad.",2 years ago,0,True,Lainnya
@NAFO_MythicPlague,I did a double take when you said that and was about to be an ass and correct it. Thank you for correcting your mistake and own it Cappy. That is why I like you and your channel. That is the difference between a civilian and a Vet. A vet takes ownership of there muck up and corrects it. Thank you again.,2 years ago,0,True,Lainnya
@jimtalbott9535,I was wondering!,2 years ago,0,True,Lainnya
@anthonystevens-gm6uh,Was just about to write you a note,2 years ago (edited),0,True,Lainnya
@altqtum9383,That F35 scenario of yours is very unlikely. you said it yourself in a way. too difficult to implement. the killing blast on the other hand occured in the very room were the target was. so it's more likely a planted explosive device from a double agent or a gesture of good will from the new president for future negotiations with bibi,2 years ago (edited),0,True,Lainnya
@Jam3s27,Yea I figured at first o was like holy shit when did that happen but then I said let me use common sense lol,2 years ago,0,True,Lainnya
@Abhishek.Mukhopadhyay-A1,"The hamas top terrorist was not killed by an air strike, but an explosive device planted there over 2 months ago, so , correct your misinformation laden video, thanks 👍",2 years ago,0,True,Lainnya
@theSIKNESS8,Wasn't airstrike it was remote-controlled bomb in Iran according to new reports.,2 years ago,0,True,Lainnya
@RobertaKella-ji7iu,Your a child moleztor,2 years ago,0,True,Lainnya
@missininaction3680,Stop spreading missinformation,2 years ago,0,True,Lainnya
@logitech7989,You are full of Sh*t :),2 years ago,0,True,Lainnya
@aaronpoche8420,NYT has been reporting a bomb planted some time ago was how they pulled off the assassination. Any idea of how true this is?,2 years ago,0,True,Lainnya
@HamDanSan,"LOL, dont worry about it, most of what you say is wrong anyways",2 years ago,0,True,Lainnya
@jsbrads1,Hezbollah probably denied the rocket attack because the kids were Muslim.,2 years ago,0,True,Lainnya
@rolabe9814,"Just because Iran is harboring a top leader of Islamic Renta Army, I.R.A.  (Hamas) would mean this could escalate to a regional islamic war ?",2 years ago,0,True,Lainnya
@vertikalohigh9583,"Will you update, that you where on a complete wrong path? 
Now it´s know, that it was no airstrike, but a bomb planted inside the guesthouse. Most likely another successful notable Mossad mission,",2 years ago,0,True,Lainnya
@mesiroy1234,"Cappy qlyou good youtber but as isralie it's 1500 +
The 1200 it's just civilian",2 years ago,0,True,Lainnya
@artemisthehunter8360,Yo you mixed up 12000 and 1200,2 years ago,38,True,Lainnya
@Taskandpurpose, @artemisthehunter8360 yes I’ve said that stat so many times I don’t think about it and mixed it up . I’m stoopid,2 years ago,81,True,Lainnya
@acceptablelet,Well...I think tensions have been desolated however much tension the 2 high ranking Hezbollah and Hamas leaders were causing.  I,2 years ago,6,True,Lainnya
@LackToez,Hannibal Directive,2 years ago,6,True,Lainnya
@Lindsey_Lockwood,"The last time Iran ""responded"" they spent 100 million $ on a massive missile launch that resulted in some minor damage to a field. Just for context",2 years ago,4,True,Lainnya
@DUBSTEP_KUSH305,The other side has a right to defend itself as well,2 years ago,2,True,Lainnya
@JayJay-er5vw,It's not the first time,2 years ago,1,True,Lainnya
@forthehorde3459,"It was an Hellfire laser guided missile ,that fired from an anti tank weapon rocket launcher from an mountain near the resident apartment ,hanye stationed there. That mountain is a public mountainus forest park .",2 years ago,2,True,Lainnya
@alexshtyn6336,"​@forthehorde3459, that's very specific. The IDF does use laser guided hellfire missiles most of the time it's a gourd unit that tags the target, which allows for greater distance when fired from an airborne platform, so what you said seems unlikely.",2 years ago,0,True,Lainnya
@noammkw3770," @forthehorde3459  it was now confirmed that it was a bomb under his bed, and we still cant confirm that 100%, we will be able to confirm what it really was once the IRGC and Hamas both fall and some time has passed so it can be taught as history, but as of now its the present",2 years ago,0,True,Lainnya
@OrenIshiii-rg7sr,"Like I said developed countries are ... developed becaused its developed ... nothing more nothing.
Your Feeble attempts to deceive me at my own games of Humanity Love and Compassion while you dont see me as such ...
Where are the hypers China Russia where ever are Sooooo Strong? Where are the people that says that Every where is better then here. You May Leave",2 years ago,0,True,Lainnya
@soakupthesunman,"​@OrenIshiii-rg7sr
😂😂😂  WHAT?",2 years ago,0,True,Lainnya
@jimtalbott9535, @OrenIshiii-rg7sr I THINK you might seek a different translator.,2 years ago,0,True,Lainnya
@user-mh5xk6fl1x," @Taskandpurpose  Не переживай, с любым такое бывает. Конь на четырех ногах и то спотыкается ;)",2 years ago,21,True,Lainnya
@Arnaz87," @Taskandpurpose  it's not stoopid bro it's okay to make mistakes
I understand you feel that way though with how careful you probably press yourself to be with this topic
Edit: went down the comments and see now why you respond like that lol",2 years ago (edited),6,True,Lainnya
@brianv1988,​ @Taskandpurpose I heard Hezbollah did claimed responsibility for the Drone strike on the soccer field but once they found out what was hit and there was kids killed they deleted the tweet and said they didn't do it after they had already took accountability for it,2 years ago,0,True,Lainnya
@stepkah4742,"​ @user-mh5xk6fl1x  The Japanese have a similar saying ""Even a monkey can fall from a tree""",2 years ago,0,True,Lainnya
@drops2cents260," @Taskandpurpose   ""I’m stoopid""

Cappy, you own your mistakes and you correct them.
So no, you're not.",2 years ago,1,True,Lainnya
@ShehuStebe, @Taskandpurpose  yes you are stupid,2 years ago,0,True,Lainnya
@jastrapper190, @gandydancer9710  NO NO NO YOU JUST HEARD THE MEDIA AND KAMALA… SHE’S A PROUD BLACK WOMAN… LIKE JD VANCE’S WIFE.,2 years ago,0,True,Lainnya
@jastrapper190, @gandydancer9710  LIKE ELON MUSK IS AN AFRICAN AMERICAN AND HIS ANCESTORS AND PEOPLE WERE PERSECUTED AND DESERVE REPARATIONS,2 years ago,0,True,Lainnya
@jastrapper190, @gandydancer9710  WILL JD VANCE AS OUR VICE PRESIDENT…. Will his wife be our first Black Second Lady? Has anyone looked into this? This is historic if so! OUR FIRST PROUD BLACK SECOND LADY!!!! SO BEAUTIFUL AND BRAVE AND STRONG. WITH THE STRONGEST BLACKEST VA JAY JAY IN ALL THE LAND,2 years ago,0,True,Lainnya
@gandydancer9710," @jastrapper190  Why are you yelling nitwitisms?
I didn't read them, btw, beyond a quick glance sufficient to tell that you were pooping on yourself.",2 years ago (edited),1,True,Lainnya
@jastrapper190, @gandydancer9710  I have a caps lock key that is malfunctioning. Is my yelling hurting your ears? 😂🤦‍♂,2 years ago,0,True,Lainnya
@jastrapper190, @gandydancer9710  what kind of D bag comment is this? I’m honestly proud… this is top quality D baggery right here… 😂 you went out of your way to accuse me of “typing to loudly” bravo sir… bravo,2 years ago,0,True,Lainnya
@jastrapper190, @gandydancer9710  you went out of your way to tell me I’m typing too loudly? this is grade A Dee_baggery…. Bravo sir… bravo… 😂🤦‍♂,2 years ago,0,True,Lainnya
@jastrapper190, @gandydancer9710  you didn’t read “them”? 😂😂😂 you’re my new best friend… you’re hilarious.,2 years ago,0,True,Lainnya
@LupeMagana-je6mt,USA!!!!!!!!!!!!!!!!!!!!!!!!!,2 years ago,0,False,Lainnya
@Scandalshredder,I thought it’s come out they physically planted bombs in the facility,2 years ago,0,False,Lainnya
@AmericanmanB2,Blood is on Biden’s hands.,2 years ago,0,False,Lainnya
@anamariatiradogonzalez,Uno menoe,2 years ago,0,False,Lainnya
@james-coble,I thought they were canceling F-22s?....,2 years ago,0,False,Lainnya
@jodin2868,Wait.. it wasnt a bomb under the bed? I thought it was a Mossad hit.,2 years ago,0,False,Lainnya
@Dustin277,I heard it wasn't a air strike,2 years ago,0,False,Lainnya
@Jack-mb4jx,"It's criminally and cowardly for Hamas, Iran, etc. (anyone) to take Civilians but they don't want to talk about that, especially when they specifically target Civilians, not even mixed Government, Military, and Civilian occupied areas, but Tourists areas, Civilian areas, etc.",2 years ago,0,False,Lainnya
@henkvisser9741,this is about the 4th time the same pic of the same person is used t say anotherhamas leader is killed in the last 10 years....is it stock footage of a random or is this the guy who had 5 lives?,2 years ago,0,False,Lainnya
@mesiroy1234,"‏‪1:30‬‏  lie brother
I think it's anti tank wepone
We  home made at called the spike,",2 years ago,0,False,Lainnya
@SureshGooheeram,Quality of video is it HD ?,2 years ago,0,False,Lainnya
@johannjohann6523,"And this comes just after the President of Iran's helicopter had in flight issues during a heavy fog and crashing killing the President of Iran.  I guess Iranian flight crews just don't have the necessary training as once thought to properly work on helicopters.  Or maybe, just maybe a ""faulty"" part found it into their inventory of replacement parts. I guess we'll never know.  lol",2 years ago,0,False,Lainnya
@froghammer-24,Your info is WRONG. It was not an air strike. It was a bomb.,2 years ago,0,False,Lainnya
@Kcheeseboro,Are we watching the beginning of WW3?,2 years ago,0,False,Lainnya
@yuperra,Those were one seat F22s,1 year ago,0,True,Lainnya
@Y7Y01,An american talking about culture 😂😂😂,2 years ago,0,True,Lainnya
@peacock_travels, @Y7Y01  I'm Swiss but have lived abroad for most of my adult life,2 years ago,0,True,Lainnya
@bastar46-l5z,Search who saved the Jews from extinction.,2 years ago,1,True,Lainnya
@muyiwastephen3444,4:52 he meant 1200 people,2 years ago,0,False,Lainnya
@deluxeriley,"2 civilians dead for every terrorist is insane idk how people can take anyones side in this war, and responding to a terrorist attack with an infinitely more deadly terrorist attack is crazy",2 years ago,0,False,Lainnya
@reflectkharbuki9558,Sorry iran ...,2 years ago,0,False,Lainnya
@bboy7324,🤣🤣🤣🤣,2 years ago,0,False,Lainnya
@sharoncamus,"I have some Iranian friends, they are nice people in Dubai. sorry for your government. Must have a people power and change your government rules etc.",2 years ago,0,False,Lainnya
@Whiteboy17064,Is this channel run by Jews? Why no video on the illegal seizures of land in Gaza,2 years ago,2,False,Lainnya
@cryptidtacticalauxiliary,THAT OCTOBER 6TH HORROR IS UNFORGIVABLE….SICKENING,2 years ago,0,False,Lainnya
@radofenix,“ Yemen’s has been in a hunger crisis” yet their leaders don’t care just as hamas. What a joke of the people that live on this earth and the sheep that follow.,2 years ago,1,False,Lainnya
@danielamaefune2116,Hahaha 😂😂😂😂,2 years ago,0,False,Lainnya
@NJKenn,4:07 Hey carful there the UK says they will extradite and jail you for that kind of talk. Diversity is our strength remember 🙄,2 years ago,0,False,Lainnya
@justiceempire1170,"You lived in Hatred. You die in Hatred. ""Welcome to Hell!"",  the Devil said. 🔥",2 years ago,0,False,Lainnya
@rocketscientist1375,"Statistically jews are the most intelligent community in the world, so its no surprise that they're surviving so well",2 years ago,0,False,Lainnya
@Mark-vn7et,You’re forgetting that those extra fuel tanks make the F35 look like a WW2 bomber on the radar…..so it kinda defeats the F35 biggest advantage. Do a little more research before making claims,2 years ago,1,False,Lainnya
@lokosalmond7153,Small drone or explosives were added in the room where he was sleeping. It's highly unlikely it was the F35,2 years ago,2,False,Lainnya
@ranapratapsingh3416,Screw Islamic terrorism.,2 years ago,0,False,Lainnya
@Lord_Pilaf,Iran has the right to defend itself.,2 years ago,2,False,Lainnya
@cmb.777,and how many ppl have died because of ismail haniyeh,2 years ago,0,True,Lainnya
@returo7297, @cmb.777  do u hav proof? how many ppl enslaved and died by . . . westies?,2 years ago,1,True,Lainnya
@bastar46-l5z,"Jerusalem Massacre 1937
3. Haifa Massacre 1938
4. Balad al-Sheikh Massacre 1939
5. Haifa Massacre 1939
6. Haifa Massacre 1947
7. Abbasiya Massacre 1947
8. Al-Khisas Massacre 1947
9. Bab-ul-Amud Massacre 1947
10. Jerusalem Massacre 1947
11. Sheikh Bureik Massacre 1947
12. Tantura Massacre 1948
13. Jaffa Massacre 1948
14. Khan Yunis Massacre 1956
15. Jerusalem Massacre 1967
16. Sabra and Shatila Massacre 1982
17. Al-Aqsa Massacre 1990
18. Ibrahimi Mosque Massacre 1994
19. Jenin Refugee Camp April 2002
20. Gaza Massacre 2008 - 2009
21. Gaza Massacre 2012
22. Gaza Massacre 2014
23. Gaza Massacre 2018 - 2019
24. Gaza Massacre 2021
25. Gaza Genocide 2023 - ongoing 

AND KEEP IN MIND THAT MOST OF THESE ATTACKS WERE AIMED AT RELIGIOUS PLACES AND REFUGEE CAMPS
Just how moral is the army of that apartheid state",2 years ago,0,True,Lainnya
@ShehuStebe,Is that why they completely collapsed and didn’t see oct 7th coming?,2 years ago,2,True,Lainnya
@rocketscientist1375," @ShehuStebe  considering the amount of disadvantages they have based on population, geographical size, etc they are doing better than any other community would have if they were in their shoes",2 years ago,1,True,Lainnya
@cmb.777," @ShehuStebe  when did they collapse, do u mean in biblical times? and are u not watching the videos. even if u support palestine u cannot deny jews and mossad are extremely intelligent",2 years ago,0,True,Lainnya
@ShehuStebe, @rocketscientist1375  is that why they literally produced nothing and noone before the 17th century except bankers? You also didn’t answer my question. If they were so smart why are they acting completely emotionally and like children during this war? Why are they being outsmarted by a group of refugee soldiers who built a tunnel system that they keep getting baited and blowed up in?,2 years ago,1,True,Lainnya
@bastar46-l5z,Nah Hindu 😭,2 years ago,0,True,Lainnya
@cmb.777,from what lol,2 years ago,0,True,Lainnya
@tunderfox2973," @Lord_Pilaf  Iran directly funds the organizations that want to kill every jew on this planets. So play stupid games, win stupid prizes. Am I not right?",2 years ago (edited),0,True,Lainnya
@THETOMO748,"I noticed you made a point of the 12 children killed, but seemed to brush off the fact that 39k Palestinians died including women and children, as if it's justified because for every 2 civilians killed one fighter dies. This a a dangerous way of thinking.",2 years ago,1,False,Lainnya
@mekongrivergiants,"IDF, with all that multi billion dollar aid from sugar daddy Biden, still can’t handle Hamas, whom literally have much lower budget and less technological advanced weaponry. IDF are clowns 🤡",2 years ago,1,False,Lainnya
@iskitirbui12epson69,"""Chinese radar""😂",2 years ago,2,False,Lainnya
@KevinDurbin,"Pretty sure you have it incorrect.  From the research I've gone over, it was a preplaced bomb in the room Haniyeh was staying in, which was remotely detonated once it was confirmed Haniyeh was in the room.  I know ""airstrike"" sounds more sexy and all, but really, AYFKM, you think even a single NON Iranian aircraft would be able to penetrate that airspace, get the shot and make it out?  Consider it was in the heart of Iran as well, in the capital no less. Nah man, not buying that storyline.  Either way, pretty shitty that one country can infiltrate another country to assasinate a 3rd country politician (hamas) and all we see is fake outrage in the media",2 years ago,0,False,Lainnya
@TopGod97,😂😂😂 I cannot lie you Jews are some cold mfs good stuff,2 years ago,0,False,Lainnya
@18_REELIN,Sound like America when they use to say “we don’t negotiate with terrorist” after.  911,2 years ago,0,False,Lainnya
@Hyper.space1,Help muslims to spread islam and Allah will bless your country like Pakistan 😂,2 years ago,0,False,Lainnya
@Music34897,"If you don't understand why Iran chants ""death to America"" in their parliament you should maybe read some more history about the region, start around 1950. You don't have be a supporter of Iran's government to look at the record and understand where that sentiment might have emerged lol.",2 years ago,1,False,Lainnya
@yipmabaruya1148,Good night from Papua New Guinea. I enjoyed watching your contents,2 years ago,0,False,Lainnya
@LuigiPublishinggroup,"When you see Iran Propaganda Videos,You can only chuckle on how they misleading their own citizens with lies lol...They think its some persian Movie lol",2 years ago,0,False,Lainnya
@Smashachu,Special operation is code word for genocide. I learned that from russia.,2 years ago,0,False,Lainnya
@skylerskyler2144,Where’s Jasmine? She needs to provide a response.,2 years ago,1,False,Lainnya
@skylerskyler2144,The killing needs to stop.,2 years ago,1,False,Lainnya
@garymattischannel6207,Islam will still be A Lie when the War is over !,2 years ago,2,False,Lainnya
@alkhyar8339,Iran is also the designer...,2 years ago,0,False,Lainnya
@wahyasaquii7563,True story.,2 years ago,0,True,Lainnya
@bastar46-l5z,Christianity too😂,2 years ago,0,True,Lainnya
@piskac2781,Armageddon,2 years ago,0,False,Lainnya
@Everydayrocketscientist,So there's external fuel pods in the gate the stealth am I wrong because unless it's some kind of stealth tank that I don't know about,2 years ago,0,False,Lainnya
@mlkerem1,May want to update this.  haniyeh wasn't taken out by an air strike. bomb was planted in his room months before.,2 years ago,3,False,Lainnya
@SpeezyBeez,0:09 WAAAAAH OSAMA BIN LADEN!,2 years ago,1,False,Lainnya
@kamalchaaban-ok4hi,It is a cultural difference. The west has a culture of colonization and genocide. While the other side is just wanting their homes back and the invaders to go away.,2 years ago,1,False,Lainnya
@MalikBabar-lw7bn,"A nation equipped with Stone Age technology cannot compete with superpowers. It is deeply troubling that your adversary possesses highly advanced weaponry while you have neglected to implement essential safeguards. They could easily have concealed their guest in a bunker or underground tunnel. Iran should learn from his mistakes, i feel they are incompetent somehow coz even to use an advance techonolgy, you need at least a bunch of competent ppl, can't imagine a country can shots fire on a passenger plane.Ukraine International Airlines Flight 752😂",2 years ago (edited),0,False,Lainnya
@Parpl22,Iran said that because it is much more embarrassing for Iran to admit that one of the their own was part of this operation.,2 years ago,0,False,Lainnya
@KIdris001,"4:25 You will never understand why they say those chants? Really??
Maybe because the US politicians are a bunch of genocidal maniacs who go to one war after another! Name me one unrest or war in the world where the US had no hand in",2 years ago,1,False,Lainnya
@pepper.gutter,Good coverage. Thank you for staying objective and just spitting facts.,2 years ago,0,False,Lainnya
@Mytoothmission,They don't negotiate with terrorist.,2 years ago,0,False,Lainnya
@bretnilson5162,They been chanting that since 1973,2 years ago,1,False,Lainnya
@bretnilson5162,This is outof date...😂,2 years ago,0,False,Lainnya
@DiBaBa4919,"1,200 people died not 12.000",2 years ago,0,False,Lainnya
@MickeyMantle55,Imagine posting this and not reading the pinned comment 💀,2 years ago,0,True,Lainnya
@rizwanzaman1793,They killed Haniyeh but didn't kill Sinwar. They just want the war to continue and drag on..,2 years ago (edited),0,False,Lainnya
@YinglisTheYinglet,"5:32   hamas doesn’t want a permanent ceasefire. they have said this repeatedly that there will be no negotiation allowed, all or nothing",2 years ago,0,False,Lainnya
@YinglisTheYinglet,"5:32   hamas doesn’t want a permanent ceasefire. they have said this repeatedly that there will be no negotiation allowed, all or nothing",2 years ago,1,False,Lainnya
@albingeorge5,This is just flexing at this point. Killing the Hamas leader when he was in Iran as a guest of their government. Damn !,2 years ago,1,False,Lainnya
@haseebliftingandstuff2369,Isreal .. War criminals and racists .. no different to Radical islamic terrorists,2 years ago,0,False,Lainnya
@thomasbernecky2078,OBE: Overtaken By Events. In only a week. Keep watching closely.,2 years ago (edited),0,False,Lainnya
@mroslan7078,Are you zionist jews,2 years ago,0,False,Lainnya
@Hugo123ll50,The attack that destroyed the US Marine Barracks in 83?,2 years ago,0,False,Lainnya
@johnsarangel,"it was a bomb placed under the bed, not from an  aircraft…",2 years ago,3,False,Lainnya
@fluxcap4630,"@4:51 12,000 people did not die during the Oct 7th attacks",2 years ago,0,False,Lainnya
@waynejmcgregor2106,I heard mossad hired someone to plant bombs in 3 rooms of where that leader was staying and now you're saying an airstrike was conducted I'm confused which was it,2 years ago,0,False,Lainnya
@atahirince,Very funny to watch when you totally wrong and full of bs😂😂😂,2 years ago,3,False,Lainnya
@marcstaley1526,And they send rockets into Al-Asad airbase😡🤬🤬,2 years ago,0,False,Lainnya
@wdavis7655,This is a lot of speculation,2 years ago,1,False,Lainnya
@michaelaemro3380,How about we dont take sides in a war where hundreds of civialns are dying on both sides,2 years ago,0,False,Lainnya
@DicterAbud-W,We the people don't want more wars and our sons to die in midle east for a war criminal netanyahu,2 years ago,2,False,Lainnya
@MickeyMantle55,Are you a terrorist supporter?,2 years ago,0,True,Lainnya
@bastar46-l5z," @MickeyMantle55  search who saved the Jews from extinction, rather than ur peaceful Christian countries who tried to kick them out and kill them",2 years ago,0,True,Lainnya
@Redfoxz001,Read the top comment before commenting,2 years ago,0,True,Lainnya
@fluxcap4630, @Redfoxz001  no.,2 years ago,0,True,Lainnya
@Redfoxz001, @fluxcap4630  wdym?,2 years ago,0,True,Lainnya
@djm24able,Dude what mic are you using?? It’s so so CLEAR it’s very high quality man dam.,2 years ago,1,False,Lainnya
@nukeluloosh,Your intel is off,2 years ago,1,False,Lainnya
@marklee3534,Better correct your video about how haniyeh was bombed. Its embarrasing,2 years ago,2,False,Lainnya
@PantyDropper1,Turkey is more supportive then iran,2 years ago,0,False,Lainnya
@PantyDropper1,You did not see the first retaliation for assasination of general killed in Baghdad airport in 2020 resulting in covid. First global biological weapon used.  T. Y.,2 years ago,0,False,Lainnya
@PantyDropper1,They do not chant death to America.,2 years ago,1,False,Lainnya
@VibrantSourPuss,If you want to bring up death to America chants please don’t be a double standard having hypocrite. You mustn’t act like “death to Arabs” and “death to Christians” aren’t some of the loudest chats through Jerusalem every year by ya boys,2 years ago,3,False,Lainnya
@WaltShag,"""The peace talks keep blowing apart""",2 years ago,0,False,Lainnya
@AnthonyAli12,They chant death to American so what. but Americans actually kill them smh i hate being from a hypocrite nation,2 years ago,1,False,Lainnya
@rolabe9814,"If only iran did not participate in any of these conflicts, hamas' leader will still be alive hiding inside iran in comforts. Getz ???",2 years ago,0,False,Lainnya
@bravosixs1446,🎉🎉🎉🎉🎉🎉🎉🎉🎉🎉🎊🎊🎊🎊🎊🎉🎉🎊🎊🎈,2 years ago,0,False,Lainnya
@goblinslayer7096,Hahahahaha,2 years ago,0,False,Lainnya
@archsnasharma8458,Iran can do nothing,2 years ago,1,False,Lainnya
@MrThumbs63,The Soleimani photo curse continues.,2 years ago,0,False,Lainnya
@J4sse,Iran lost their president too recently...,2 years ago,0,False,Lainnya
@weirdluv18,"이란의 전 대통령이 암살당한 것은 미국과 이스라엘, eu 가 공조했을 가능성이 메우 높다.  새로 당선된 이란 대통령 masoud pezeshkian 또한 유럽, 미국, 이스라엘과 비밀리에 연계된 인물이 아닌지 매우 의심스럽다. 

Sayyid Ali Hosseini Khamenei- RAHBAR, irand of the supream leader 알리하메네이가 그를 반대한 이유를 이제야 알것 같다. 

사망한 에브라힘 라이시(Ebrahim Raisi)-이란 대통령과 호세인 아미랍돌라얀(Hossein Amirabdollahian) 외무장관은 비행기 추락 사고로 위장되어 살해된 것으로 추정된다. 

하마스의 최고 지도자 Ismail Haniyeh가 최종적으로 암살된 것으로 보아 이란의 내부에서 기밀 정보를 누설한 것이 확실하며, 최근에 레바논-헤즈볼라 수장도 이스라엘에 의해 살해된 것으로 볼 때 이스마일 하니예 암살과 이란의 직접적인 지원을 뱓고 있는 헤즈볼라 고위 수장의 참사 또한 이란 내부 배신자들이 관여 했을 가능성이 상당히 높다. 이란의 내부 공조 없이는 이란의 수도 테헤란에서의 테러 행위는 절대 불가능한 일인 것이다. 이란의 현재 대통령은 IRGC를 코멘트하며 개혁의 가면을 쓴 부정부패한 인물이 확실하다.",2 years ago,0,False,Lainnya
@joegorocket,"It’s not Iran , it’s Islamic government, 90 % of people don’t like Islamic government.",2 years ago,0,False,Lainnya
@DigitalNeb,"Well, you know what they say about playing stupid games.",2 years ago,0,False,Lainnya
@cmb.777,"iranian civillians dont, but the regime does",2 years ago,0,True,Lainnya
@MGMclips,the fact that you think attack was by means of a f35 broke my heart,2 years ago,0,False,Lainnya
@bobbybooshay8641,Derp!,2 years ago,0,False,Lainnya
@MrBollocks10,"Tbf bombing other countries is an act of war.
 How are we getting behind this one?",2 years ago,1,False,Lainnya
@GuguMillie,12 thousand you are of by about 55more,2 years ago,0,False,Lainnya
@japancash,Psycho OPS?,2 years ago,0,False,Lainnya
@MilitarySummary10Minutes,I'm blown away by the sources you reference in every video… you're gaining knowledge that most reporters don't even bother to seek out. Keep up the great work!,2 years ago,9,False,Lainnya
@MilitarySummary10Minutes,"Awesome and insightful reporting as usual, thank you!!!",2 years ago,0,False,Lainnya
@wolfross9254,"Its been a few days since his Djibouti one was taken down. And i never got a chance to watch it. Normally if it gets taken down for copyrighted content or if Cappy takes it down to fix parts of it, its back up pretty quick. I wonder whats up.",2 years ago,0,False,Lainnya
@janvierma,Aerial bombardment ? Don't think so,2 years ago,0,False,Lainnya
@mohammedxiii,"Sorry but you have the most beta face and even more boring commentary.
Couldn’t even get thru the intro and have no idea who you are deluding yourself to be.",2 years ago,0,False,Lainnya
@andrewvelasquez79,Iranian military threatening the US or any of its allies is comical at best.,2 years ago,2,False,Lainnya
@Direkt932,"since when do we care about what terrorists ""want""? USA started the war on terror, terrorism has been the plague of our century and finally the country that has suffered the most and got false promises of the world community ending the wars in the middle east - starts to fight back and is winning and we cry for these terrorists. why? has social media made us this stupid",2 years ago,0,False,Lainnya
@kristenmarie9248,4:44  12 thousand? Nope. C'mon.,2 years ago,0,False,Lainnya
@Eternal-Fist,"Misinformation 😂 there was no Air strike , get your facts right !",2 years ago,1,False,Lainnya
@MarleyBarte,Bibi disguised as Raisi placed the bomb secretly....1 week ago.,2 years ago,0,False,Lainnya
@cmb.777,did u watch the video? and do u know who ismail aniyeh is?,2 years ago,0,True,Lainnya
@HamDanSan,"lol, you still live in the 70's",2 years ago,0,True,Lainnya
@RyanZacharia,I will never visit Iran ever. This country is hell.,2 years ago,0,False,Lainnya
@donaldedwards-yu4ui,"All these Arabs countries just talk and acts tough, but, they’re soft cakes. Their security intelligence is shit. This happens on their soil time and time again. They’re only good at corruption that’s all.. They’ll just threaten at the end of the day nothing ever happens. Also, there’s always a “betrayer” closest to u ready to be bought at any price.",2 years ago,0,False,Lainnya
@ThePsh07,4:07 literally their “Two Minutes Hate”.,2 years ago,1,False,Lainnya
@user-jl6xu9cn3p,Stop the genocide,2 years ago,0,False,Lainnya
@NiotcvlBnpeos,Mossad?,2 years ago,0,False,Lainnya
@jamesretta5690,The WEF wants war. The WEF is overjoyed with the strong possibility they have tricked Iran into a war.,2 years ago,0,False,Lainnya
@TrekPanda,"So, the f35 can park a missile in someones room but f22 cant hit a giant baloon?",2 years ago,1,False,Lainnya
@ThomasRafferty,"Perhaps, recognize it already is a regional war at varying levels over the years?",2 years ago,0,False,Lainnya
@mojtabamasoumi4855,"Long story short, he said good night to new president and good morning to former president 😂",2 years ago,0,False,Lainnya
@hartindc,BOHICA,2 years ago,0,False,Lainnya
@duncanharrell5009,Would you be willing to do a video covering the United Nations and if it will survive the 21st century? Is it still relevant or a fossil that refuses to leave the room? Can it be fixed and repaired or is it too rotten to the core or broken from the start?,2 years ago,0,False,Lainnya
@stephentraveler5291,Bang ! Bang !,2 years ago,0,False,Lainnya
@number1enemyoftheuseless985,That thumbnail picture of the jet looks eerily like baphomet goat head.....🤔,2 years ago,0,False,Lainnya
@Chookho1,"No Iran killed Haniya Iranian can’t deceive people may be the naive 
His blood is on Iran hand 
First they killed their president then Haniya if sinwar goes to Iran he will be third which every one hope for so people see peace and live",2 years ago,0,False,Lainnya
@exyugo,This guy knows what he’s talking about 🥇,2 years ago,0,False,Lainnya
@godfreymcgarrell4412,Is the M4 18 behind the narrator fa me 😊😊😊,2 years ago,0,False,Lainnya
@zackkwik,"GOOD RIDDANCE!!!
bwahahahahahahahahahahaha",2 years ago,2,False,Lainnya
@harry.godwinson1,ah well. what  goes around,2 years ago,1,False,Lainnya
@dareawoniyi6430,"Nobody knows how this operation was done. The Iranians don't know, Hamas does not know, Hesbollah does not know. So why are you so sure of what happened and that MOSSAD did it. It could be as a result of internal wrangling within Hamas. So until it is clear, please stop rumour mongering. What is sure is that it is a big embarrassment for Iran.",2 years ago,0,False,Lainnya
@duttchintu8182,Turkey says India Raw agent Amit Nakesh killed the leader,2 years ago,0,False,Lainnya
@pcelarskaradionicaopgninko6296,🇮🇱🇮🇱🇮🇱♥️,2 years ago,0,False,Lainnya
@chadblechinger5746,"😂the rainbow fuel dong😂
..................





I know what the gradient means",2 years ago,0,False,Lainnya
@joshjosh4274,Bias diot! Are you a zio jws?,2 years ago,0,False,Lainnya
@adanigroup,"Forget about toys, China can't even make radars correctly lmfaooo 🤣🤣",2 years ago,1,False,Lainnya
@ianthompson31,I will say one possible mistake is that is the f 35s DECLASSIFIED range.,2 years ago,0,False,Lainnya
@juniorberns,Hey we got that nuclear scientist. I thought you guys in the infantry and all that s*** had already gotten this dude with trump.,2 years ago,0,False,Lainnya
@Abdure,3:13 wasn't that coordinated with the US (through a proxy) and almost all missiles (from Iran) shot were meant as a show of strength for the Iranian people. This time it could be quite different there might not be any coordination with the US. Last time Iran didn't want escalation but now we are not sure.,2 years ago,0,False,Lainnya
@tangowiskey4740,Really like your calm cool collectiveness in reporting the facts.,2 years ago,0,False,Lainnya
@RedPillBluePillMyPill,Palestinians have had six cease fores that they have violated each time and since 1948 theyve been offered their own state 7 times. So,2 years ago,16,False,Lainnya
@idomaniacs,"This Name is a joke. The equivalent English version would be ""Theas- Sassin""",2 years ago (edited),0,True,Lainnya
@idomaniacs,Do you support the Hamas and the  Hisbollah?,2 years ago,0,True,Lainnya
@JonTan-z3e,"what could possibly make dozens of countries all over the world to chant death to USA or call them imperialists facists warmongers? gee i dunno what could possibly have happened over the past 80 years, what did USA do? who knows?i am just as puzzled as every american lol.",2 years ago,0,False,Lainnya
@ericswain70,Forever War,2 years ago,0,False,Lainnya
@wongtan5089,r/modernpropaganda has a thing or two to say about you Mr Cappy,2 years ago,0,False,Lainnya
@KrillixKai,Hours before his death he was chanting death to America... 😂,2 years ago,24,False,Lainnya
@brunosapateiro44,what about the report that a bomb was set 2 month before and the missiles have nothing to do with jis death ? can you check your info?,2 years ago,0,False,Lainnya
@simonphoenix3789,"they still chant death to america, yet for some reason Obama thought it was a great achivement to empower them by easing up on sanctions in exchange for almost nothing gained.",2 years ago,1,False,Lainnya
@sarahkassim2304,"we are leaving in a crazy world, in the first place why should we have a group like hamas and all this terrorists of Islamic jihad's around the world? this is the problem and the world is not ready to talk about it and put a stop to all this terrorists and we still have some people supporting them so how can there be peace if we keep on supporting them and not taking action againsting them",2 years ago,0,False,Lainnya
@thegr8kaka,Why are some people reporting that it was an air strike while others are reporting that they planted explosives in his room?,2 years ago,0,False,Lainnya
@alialrumhi5408,"In London, they love tea. In Canda, they love poutine, and in the US, they love supporting genocide. Such magnificent cultural differences.",2 years ago,0,False,Lainnya
@JR_MC_E-9,🤮🤮🤮 are you really kidding me go home 🎺🎺🎺 you will be in jail very soon 🎺🎺🎺,2 years ago,0,False,Lainnya
@macharper8214,"People don't know that Iran still flies F-4 jet fighters that it bought from the United States that were designed and built in the 1950's. They were bought while the Shah of Iran was in power, and Iran was a western ally. They have to cannibalize some of those jets to find spare parts for other fighters because the jets are so old nobody makes parts for them anymore. Think about this, the space shuttle was retired in 2011 because it was outdated, and it had its first mission in 1981. Think about how old jet fighters from the 1950's are.",2 years ago,0,False,Lainnya
@jg7857,The latest update in the news is that it was not a missile that killed this terrorist. It was a bomb that was planted in the living area where this terrorist was staying. The bomb had been there for months waiting a detonation at the right time.,2 years ago,0,False,Lainnya
@dimjad7933,All of this video and explanations for the power of F-35 while actually he was killed by Mossad planting explosive.,2 years ago,0,False,Lainnya
@jag8901,Joe Louis .... you can run but you cannot hide !,2 years ago,0,False,Lainnya
@shahab814,this was a embarrassment for iran,2 years ago,0,False,Lainnya
@patriot9487,Lot's of subhuman JIDF bots here. Have fun being on the wrong side of history.,2 years ago,0,False,Lainnya
@michgingras,you can run but you cannot hide ! shalom !,2 years ago,0,False,Lainnya
@kevincecile2764,"1,200 not 12,000 on Oct 7th pretty sure and 200 some hostages it's been a while though",2 years ago,0,False,Lainnya
@thevytas,"Can you imagine what WWII footage would be like with modern day technology

Can you imagine what WWII footage would be like with modern day technology

Can you imagine what WWII footage would be like with modern day technology

Can you imagine what WWII footage would be like with modern day technology

Can you imagine what WWII footage would be like with modern day technology

Can you imagine what WWII footage would be like with modern day technology

Can you imagine what WWII footage would be like with modern day technology

Can you imagine what WWII footage would be like with modern day technology

Can you imagine what WWII footage would be like with modern day technology

Can you imagine what WWII footage would be like with modern day technology

Can you imagine what WWII footage would be like with modern day technology

Can you imagine what WWII footage would be like with modern day technology

Can you imagine what WWII footage would be like with modern day technology

Can you imagine what WWII footage would be like with modern day technology",2 years ago,0,False,Lainnya
@krneki-ym6ep,Ciao bye rat,2 years ago,0,False,Lainnya
@Dhurandel,The most stupid geopolitical channel,2 years ago,2,False,Lainnya
@KyleBetsBadly,H3h3 vs the h3,2 years ago,0,False,Lainnya
@Ynhockey,"02:45 Khomeini is the previous leader of Iran. The current one is Khamenei, pronounced Kho-meh-neh-ee.",2 years ago,0,False,Lainnya
@halpwr,"@4:51 1200 people, not 12k",2 years ago,0,False,Lainnya
@seamuscasey2943,"....GOOD.... ANALYSIS....CAPPY.....""SI VIS PACEM... PARABELLUM.""......"".WAR IS BUSINESS.""....""BUSINESS IS GOOD."".... RAFAH.... EGYPT....",2 years ago,1,False,Lainnya
@PeeGoblin-jg6tu,Anyone that doesn't agree with me is a bot and subhuman.,2 years ago,1,True,Lainnya
@cmb.777,"1200 for october 7th and at first it was 250 something kidnapped but now 115 are still kidnapped, the rest have been released or rescued",2 years ago,0,True,Lainnya
@CA.0verview,"T&P I’d recommend getting sponsored by ground news ,would be a good tool to have for to gather info for your publication.",2 years ago,0,False,Lainnya
@heavenlyxtacy,"Are you sure hamas ter*** leader is de***, just because iran is saying it was him you believe them. iran wanted to escalate the war so may be he just went underground and told the world it was him. nobody has confirmed so dont speculate, he may be still alive trying to fool the world thinking he is very smart.",2 years ago,0,False,Lainnya
@HKOPERATOR2,It wasn’t an air strike. A artificial intelligence explosion 💥 device was planted in the leaders room like a month ago. Once he arrived it recognized him & boom. Hint why the building wasn’t gone & other important ppl wasn’t hurt. Chuck Bolton explains this really good.,2 years ago,1,False,Lainnya
@Whitewolfericb,This aged badly...,2 years ago,0,False,Lainnya
@yukondave-1,NFG,2 years ago,0,False,Lainnya
@Jakeanbake69,So they chant death to America and we send them aid???? This world is going down hill fast.,2 years ago,0,False,Lainnya
@rogertempleman-ed2xv,You can run but you can't hide !!!,2 years ago,0,False,Lainnya
@FinsterCS,"They placed a bomb in the guesthouse, no air assets involved.
S-300‘s are still silly tho lmfao.
Their entire shtick is that it shot down an F-117 over Serbia but the Russians attributed it to low frequency mode and not the bomb bay doors being opened.
Now Iran and a bunch of other countries have no air defenses just because of propaganda lol",2 years ago,0,False,Lainnya
@FellaGuy2,A lot of smooth brains in these comments,2 years ago,0,False,Lainnya
@vorpalinferno9711,"Poor hamas. . .
hahahahahahaha",2 years ago,0,False,Lainnya
@farhanashaheed4810,"Please watch Al Jazeera's latest news which says short range projectile near his place ... Most probably isrealAhell bribed a traitor  Iranian to arrange this assasination. 

You are not familiar as an independent journalist. Just popped up to soread incomplete news.",2 years ago (edited),0,False,Lainnya
@desertowl0,"The Iranians are saying that a bomb was planting in the room where Haniyeh stayed, two months prior. It wasn't an air strike, according to them.",2 years ago,0,False,Lainnya
@Basyed_11,"surface level analysis as always, expected from you",2 years ago,0,False,Lainnya
@muratgurol446,"This happened just shortly after Netanyahu was in the US, it happened just hours after US forces stroke Shiite positions in Iraq, suppressing pro-Iranian backlash in advance.",2 years ago,0,False,Lainnya
@Dontcry-w1f,Most of these comments are anti semites they're not just believe that they're supporting side leaders are killed,2 years ago,0,False,Lainnya
@tdolan500,"If this turns out to be an F35 strike it confirms my point that the F35 is a sea change in air power. The fact you can park a boat load off shore and penetrate and strike in contested airspace without even having the alarm raised is crazy. 

Also would it be more likely that they would have used the configuration of the drop tanks within the bomb bay and small munition mounted on the external hard point. Feels like the RCS of external drop tanks would be greater than that of a missile like brimstone on the wing.",2 years ago,0,False,Lainnya
@chaseteter,Yeah the F-35 story being told as fact is really bizarre. Drones and smuggled bomb theories have more traction it seems.,2 years ago,1,True,Lainnya
@cmb.777,"are u dumb? a ""traitor iranian"". literally almost no iranians support the islamic republic.",2 years ago,0,True,Lainnya
@WALTCHARAMBA,It was a bomb that was placed by hand at his apartment.. An F35 would of been shot down within minutes..F35 can be tracked with ground based Radar..,2 years ago,2,True,Lainnya
@matthewvaroz4812,let’s not forget the helicopter misfortunes,2 years ago,0,False,Lainnya
@anonas1228,BTW the IRGC has decided to betray Ismail Haniyeh for good,2 years ago,0,False,Lainnya
@belushipumpkin,mossad,2 years ago,0,False,Lainnya
@bitkarek,izrael does not have any other options but to defend themselves.,2 years ago,0,False,Lainnya
@TheOldFartGamer,Chinese mase radar.... That explains it..,2 years ago,0,False,Lainnya
@adoof4814,Free Palestine 🇵🇸,2 years ago,2,False,Lainnya
@bbb11110,"It was NOT an air strike, why are you lieing?? It was a b0mb installed there 2 months back and det0nated when the guy was confrmed to be in his room. Do your homework",2 years ago,2,False,Lainnya
@scottmatthews537,This video didn't age well,2 years ago,1,False,Lainnya
@jaymoney9690,"I thought it was an explosion, not a missile strike. They even came out and said the explosion came from the room. The people that happened to literally said that.",2 years ago,1,False,Lainnya
@capie44,"Two Muslims were converted to the ""Good Muslims.""

Great news!",2 years ago,1,False,Lainnya
@showball2696,I think They have a spy inside of Iran using a laser guided missle to hit the target.,2 years ago,0,False,Lainnya
@han1218,This guy hoarded billions of dollars of money Palestine got from UN.,2 years ago,0,False,Lainnya
@mirzafarrukh13,"The plight of the Palestinian people, who are subjected to torture, is met with global silence, much like the indifference that surrounded the crucifixion of Jesus.",2 years ago,0,False,Lainnya
@johnf1235,"At this point, if you’re an American and still support Palestine (Hamas) then you’re either a full blown idiot or an evil person…",2 years ago,0,False,Lainnya
@onionsmaster,free palestine from hamas right?,2 years ago,0,True,Lainnya
@NicholasWongCQ,"It was a bomb planted in the room months ago, which is simply too embarrassing for the IRGC so they said it's aerial attack.",2 years ago,0,False,Lainnya
@moosh0074,"Well, not an air strike!",2 years ago,0,False,Lainnya
@SR0792,"F 35 ii lightning is not right... the compound doesnot even show the marks of that....
It was a bomb set in 2 months ago..
That sounds more accurate.",2 years ago,0,False,Lainnya
@moosy,"The phrase death to America goes back to Mossadech. Iran’s first elected president which the US overthrew. 

I’m sure if a standing President was killed by Iran every single American would be saying death to Iran.",2 years ago,1,False,Lainnya
@ClinicalGain,Russian and Chinese made… 😂😂😂,2 years ago,0,False,Lainnya
@steamindemon3389,why is this video still up ??? it give bogus information… the authorities have came out said the explosives used were already placed in the home before the Hammas guy arrived. no air strike involved,2 years ago,2,False,Lainnya
@zigisamblak,"""Hamas political chief Ismail Haniyeh was killed with a ""short-range projectile"" fired from outside his guesthouse in Tehran, Iran's Revolutionary Guard Corps (IRGC) says.

The paramilitary organisation said the projectile weighed about 7kg (16lbs) and caused a ""strong blast"", killing Haniyeh and his bodyguard last Wednesday. The Hamas leader had been visiting the Iranian capital for the inauguration of President Massoud Pezeshkian.""
so not an air strike according to Iran",2 years ago,0,False,Lainnya
@BRANDO_DIEGO,"I can piece together what really happened, this is an intelligent report.",2 years ago (edited),0,False,Lainnya
@donidaniello,Have ability to take out leader percisely deep in opposition teritory but failed to hunt down hamas in gaza that they just bombarded the whole land... Does this proves those zionist just comitted genocide? hmmmmm... evidence evidence,2 years ago,1,False,Lainnya
@godvrezende,The west has the eye in the sky,2 years ago,0,False,Lainnya
@MrKnowItAll2024,"Over 1.2 billion pounds of food have been transferred to Gaza since the war began. 

  - 791,521 tons
  - 41,897 trucks

- Food:
  - 611,320 tons
  - 28,626 trucks

- Water:
  - 44,975 tons
  - 2,245 trucks

- Mixed:
  - 33,400 tons
  - 2,306 trucks

- Shelter equipment:
  - 70,230 tons
  - 5,109 trucks

- Medical supplies:
  - 25,571 tons
  - 2,464 trucks

- Fuel:
  - 423 tanks

- Cooking Gas:
  - 724 tanks

- Jlots:
  - 433 trucks

The Palestinians are the only people on earth that start a war with a heinous massacre and then get more aid than all war zone afflicted people combined!",2 years ago,0,False,Lainnya
@MrKnowItAll2024,"5.5M killed in Congo 🥱
500K killed in Syria 🥱
500K killed in Sudan 🥱
400K killed in Yemen 🥱
300K killed in Iraq 🥱
250K killed in Afghanistan 🥱
20K killed in Gaza: GENOCIDE!! 😱

No Jews, no news. They care about Gaza only because of their antisemitism.",2 years ago,3,False,Lainnya
@BariumCobaltNitrog3n,"Haniyeh would not accept any offer leading to a cease fire because his group benefits from collateral damage, taking full advantage of the sympathy for ""civilian"" casualties from naive, uninformed virtue signalers. His plan was working well, no media outlet was willing to point out the cowardly and brutal tactics, ""Paxxxxxnian militant groups (including Hxxxs) have used civilians as human shields"" as found in Wikipedia. So, he had to go, he alone prevented ceasefire.",2 years ago,0,False,Lainnya
@oreoex9392,""" omg it seems to me isreal DOESNT want PEACE?!??"".....dude....your just figuring this out ...he's a psychopath..",2 years ago,1,False,Lainnya
@adoof4814,"Pretty sure they've classified innocent families and children as 'Khamas' too
Seeing as though they've melted thousands of them already...",2 years ago,0,True,Lainnya
@adoof4814,"Are you trying to justify a genocide?

Because it looks like you're trying to justify a genocide holy",2 years ago,0,True,Lainnya
@MrKnowItAll2024," @adoof4814  Between 1950 and 2024 the Palestinian population of the West Bank & Gaza grown from 944,807 people to 5,494,964. An increase of the population size by 481.6% in 73 years.  

WORST GENOCIDE EVER!",2 years ago,0,True,Lainnya
@MrKnowItAll2024," @adoof4814  The IDF has eliminated at least 16,000 Hamas, Palestinian Islamic Jihad & Al Qassam Brigades (terrorists!) since the October 7th massacre. 

Are you SAD? 🫠",2 years ago (edited),0,True,Lainnya
@adoof4814," @MrKnowItAll2024  Over the last year it has decreased by 40,000",2 years ago,0,True,Lainnya
@adoof4814," @MrKnowItAll2024  Kinda hard to respond without this channel flagging comments so I'll try again: They have melted 15,000 children too. Most of the casualties are innocent people.

Yes I am 'SAD'. Free Palestine 🇵🇸",2 years ago,0,True,Lainnya
@MrKnowItAll2024," @adoof4814  UN revises Gaza death toll, almost 50% less women and children killed than previously reported. 
About 6,000 - 7,000 dead in Gaza are under the age of 18. There are hundreds and even thousands of Hamas and Islamic Jihad operatives aged 17, 16 who were killed fighting with IDF forces. 

AGAIN, Since October 7, about 24,600 Gazans were killed in Gaza. MOST of them (16,000- 17,000) are TERRORISTS!!",2 years ago,0,True,Lainnya
@NineSeptims,what a jewish thing to do to compare death counts like coins,2 years ago,0,True,Lainnya
@MrKnowItAll2024," @NineSeptims  The IDF neutralized 16,000 Hamas, Palestinian Islamic Jihad and Al-Qassem Brigades terrorists since October 7 Massacre. 

Are you SAD? 😎",2 years ago,0,True,Lainnya
@SenyaHill,Oct 7 was during s ceasefire. Hamas ceasefires aren’t worth much,2 years ago,0,False,Lainnya
@sandymastermind2669,"Hanije was one of those men, who stole away the freedom of the palestinian people after 2006, he was living like a king on money meant for hospitals and such and yet they love him for it. I don't get it.....",2 years ago,0,False,Lainnya
@Z.O.666,TASK this is dirty game for innocent human,2 years ago,0,False,Lainnya
@InCheckdeck,Did you hear the bomb was planted beforehand?,2 years ago,0,False,Lainnya
@DMOpROductions01,Wild a bomb was planted in his room 2 months ago! Def a double agent in the PLO/Hamas,2 years ago,0,False,Lainnya
@Leftyotism,boink,2 years ago,0,False,Lainnya
@Leftyotism,"Ismail, or rather ... Wasmail.",2 years ago,0,False,Lainnya
@mikaeldonchin5467,this is  a great video but you got so much wrong. the strike was not an air strike but actually was a ground attack from the building right next to where he was staying. the assasinations were in retaliation to the strike that killed 12 kids in majd el shams.,2 years ago,0,False,Lainnya
@ramymohamed9614,I think sending F-35s through Iranian air defenses is a huge risk... It doesn't even match with the Iranian statement that the missile hit him directly... I assume it was done with a suicide drone piloted by an intelligence unit member that snuck into his room through some windows late at night and crashed into his body while he was sleeping.,2 years ago (edited),0,False,Lainnya
@oowwieeoriginal4550,If it hit the room they got spies,2 years ago,0,False,Lainnya
@aeipee13,"@4:51 Killed 1,200 people, not 12,000.",2 years ago,1,False,Lainnya
@robertomuzzetta2652,In Uk and In USA they love to wage or support genocidal wars through proxies against other nations and then they love to be surprised the world hates them back!,2 years ago,1,False,Lainnya
@RobertaKella-ji7iu,Chris cappy your a liar,2 years ago,1,False,Lainnya
@hiloworle7106,I think the mystery was solved as soon as u said the radar was made in china,2 years ago,0,False,Lainnya
@adoof4814,"They're Americans.
Of course they applaud mass killings.",2 years ago,0,True,Lainnya
@steamindemon3389,"this video should be taken down & accurate information put out.. this was a ground operation,, no airplanes involved",2 years ago,1,True,Lainnya
@Taskandpurpose,Can you elaborate please,2 years ago,0,True,Lainnya
@kaushik.aryan04,Highly unlikely,2 years ago,0,True,Lainnya
@aar8808,Maybe Iran let it happen. It's not like they like Sunnis. Historical shias joined crusader expeditions against Sunnis.,2 years ago,0,False,Lainnya
@kamneelamin6358,bibi is not aligned with the US,2 years ago,0,False,Lainnya
@naelnassar9330,"What do you think the raason of All of those Wars for 80 years in in this region. Is it the Oil or religious. 
Thanks",2 years ago,0,False,Lainnya
@louisvalois3863,Pissrael is the biggest problem in the Universe,2 years ago,4,False,Lainnya
@berkut87,"I don't understand why you are talking about f35. The operation was carried out by Mossad. There are 2 versions. Either a bomb was planted in the room in advance, or it was a missile from an anti-tank missile system. Don’t take a credit from my country intelligence! F35 has nothing to deal with it.",2 years ago,0,False,Lainnya
@louisvalois3863,Pissrael is over,2 years ago,1,False,Lainnya
@stephenbeatty5788,I thought it came out they planted a bomb in the room months ago? I could be wrong,2 years ago,0,False,Lainnya
@Muhammad80008,US criminals,2 years ago,1,False,Lainnya
@gotalon,They’ve shot down F15s? Really? Well I guess the F15 record of never being shot down is now over?…..really?,2 years ago,0,False,Lainnya
@dxux4679,"4:16 as seen where? For all I know they could be asking for some coca cola all at once. Do you understand Iranian? I bet you don't. 

And please explain the difference if this has happened with US Congress cheering on a mass murderer talking about taking them on... 

Interesting times we live in.",2 years ago,0,False,Lainnya
@aryanks2167,Hezbollah denied the Majdal Shams attack because they  didn't do it. It was an Iron Dome misfire,2 years ago,1,False,Lainnya
@Spyderz-xo9rz,"It has been widely reported that it was not ""Pre dawn airstrike"" but rather a bomb that was planted in the room over 2 months ago.And while a technical airstrike sounds awesome it was wrong.
You rushed to get the video out Mr.Crappy.
Facts and truth dont even count anymore.Its no longer about being right, its about being first",2 years ago (edited),0,False,Lainnya
@sanitymaintenance1585,Thanks but No thanks on being a member just to watch a video !! Just lost a viewer ...and subscriber .It's all about money,2 years ago,0,False,Lainnya
@dfhh4795,I guess They didn't learn from Munich .,2 years ago,0,False,Lainnya
@alexallik1,New information. Iran kill Hanyeh. Everything possibke in Iran.!!!!,2 years ago,0,False,Lainnya
@gooldii1,"There are 54 muslim states on earth, with 1,8 BILLION Muslim lives in. Not ONE of them is a Democracy, with Freedom of Speech, Sexuality, Press, Women Rights! NO strong Economy, Science, but Inflation xxxl, Corruption xxxl, War, Torture, Stoneage! 
WHAT does this tell us about this Religion? 🤣🤣",2 years ago,0,False,Lainnya
@BadMonkeyMike,Stop the wars 😢,2 years ago,0,False,Lainnya
@davidyaranov2978,*Allegedly,2 years ago,0,False,Lainnya
@hemantpp8807,He is thief,2 years ago,0,False,Lainnya
@Watchoutxx1,USA gave them the green light,2 years ago,0,False,Lainnya
@HKfanboy416,Not a f35 genius….dumb video,2 years ago,0,False,Lainnya
@user-sp8eb6iz7f,"Iran might get weapons from China or Russia, kinda like Ukraine. Now we know what Jerrod and Donnie were doing.",2 years ago,0,False,Lainnya
@juangarcia-kq8zp,The liars who censor us are guilty of precisely everything which they falsely accuse others of.,2 years ago,0,False,Lainnya
@lawrencecrocker4870,"regardless of who did what, when or how. this is not something anyone should be condoning. Do you really think its a good idea to get used to countries invading other countries to kill people? If that isnt a declaration of war, what is?",2 years ago (edited),0,False,Lainnya
@christopherkatz9484,Putting a missile in his room in Tehran is such a disrespectful flex of air power and intel.,2 years ago,1,False,Lainnya
@ZaibachEmpire,i dont think they can girlboss their way out of this one,2 years ago,0,False,Lainnya
@mentalmans_6561,"You don’t have to go back more than 2-300 hundred years before christianity was also like this (still is in some place but no states).
Women and other minorities opressed by the religion revolted and succesfully changed it.
The fact that this hasn’t happened with Islam yet doesn’t say much, other than it hasn’t been developing for long enough.
Its about 600 years younger than christianity, with time and plenty of support for rights groups, it will change as well.",2 years ago,0,True,Lainnya
@Danny-vl2ym,​@mentalmans_6561  It will change but it takes a couple of centuries. The Muslim world is still behind culturally and mentally.,2 years ago,0,True,Lainnya
@gooldii1," @mentalmans_6561  so you say, Islam of today is 3.000 Years behind the curve?😉😉
I agree on this! 😉😉",2 years ago,0,True,Lainnya
@gooldii1," @mentalmans_6561  agree! And because of this, we must wait 3000 Years, before Ialam is reformized, and no longer a Stoneage-Religion.
But till then...it is! 
Nice, we agree!",2 years ago,0,True,Lainnya
@ke1-chkpg651,"have been reading reports that it a placed bomb (explosive device) than a rocket. the latter means some iranian were/are invovled, huge security issue for iran.",2 years ago,4,False,Lainnya
@יואברז-ו9ע,"so uhh
this guy is getting information mixed up",2 years ago,1,False,Lainnya
@harjindersinghdeepa3271,Not Air force,2 years ago,0,False,Lainnya
@josueulloa-t3w,"lol, not even their allah detected that f35",2 years ago,0,False,Lainnya
@sachabotbol5270,It’s reported Mossad hired someone inside Iran to target him in his room with a ground based anti tank missile. No aircraft at all were involved,2 years ago,0,False,Lainnya
@Strange_Brew,Nope. It was a remote controlled bomb in the guest house planted two months prior to his going there,2 years ago,3,False,Lainnya
@Lazy_Old_Chiefer,"They didn’t even use a missile, it was a bomb that was planted months in advance. Even more crazy",2 years ago,2,False,Lainnya
@rafammbass,Khomeini has not been the leader of iran for a while now bud,2 years ago,0,False,Lainnya
@dillz7046,FALSE !,2 years ago (edited),0,False,Lainnya
@jifsportscards,News is coming out saying it was a bomb planted months earlier in his guest room that killed him,2 years ago,1,False,Lainnya
@TheFlax33,Was in a bomb underneath his bed or was it a air to ground impact that dismantle this infidel,2 years ago,0,False,Lainnya
@jorgedavid2568,"He was killed by a bomb in that room, not a missile",2 years ago,1,False,Lainnya
@jdel9333,I’m sorry the October 7 attacks killed how many?,2 years ago,0,False,Lainnya
@shaggydane7197,Getter Duuuun,2 years ago,0,False,Lainnya
@SpartanChief01,He was found IN Iran nuff said,2 years ago,0,False,Lainnya
@jeffnaval4894,if trump wins. he is going to reduce terrorism in mideast. trump2024!,2 years ago,0,False,Lainnya
@SamDin-i6c,Deni aberson,2 years ago,0,False,Lainnya
@Thisandthat8908,apparently the UK tried something like this in the Falkland War. Taking out the Argentinian general in his office. Just about missed i think.,2 years ago,0,False,Lainnya
@BlueHooloovoo,"Sunni or later, Shiite happens.",2 years ago,1,False,Lainnya
@ucapsalam,"If some of you do believe in what I have been sent with while others do not, then be patient until Allah judges between us. He is the Best of Judges.” .Al A'raf.",2 years ago,0,False,Lainnya
@johnzino8558,Exactly the Jews don’t want a ceasefire they want to exteriminate the Palestinian  people cause there was oil found that’s part of the West Bank territory. So the Jews hear 2 quarters being shaken together and they come running wanting a peace of any quarter dropped on ground!,2 years ago,0,False,Lainnya
@danielwagner6290,Who cares about Iran's sovereignty when they violate everyone elses sovereignty.,2 years ago,0,False,Lainnya
@johnzino8558,"Killed 12,000 or 1,200? Pretty sure the Oct. attack only killed 1,200 not 12k right ?",2 years ago,0,False,Lainnya
@YahyaAbdurRahman-b3c,Allah knows best.,2 years ago,0,False,Lainnya
@english03.03,I love the fact that you believe anything the Zionists say… Good for you,2 years ago,0,False,Lainnya
@furtrapper11,Maybe a new negotiator can help end the conflict,2 years ago,0,False,Lainnya
@succatash,Gotts remake thr video wasnt an air attack,2 years ago,0,False,Lainnya
@mahadsaeed9427,"All the people saying an F-35 was used, read some news and get a life 😂",2 years ago,2,False,Lainnya
@vladvlog9677,A ratio of 2 civilians to every fighter killed is a record low in Urban warfare.  The US usually were at 5:1.,2 years ago,0,False,Lainnya
@Staxx0,how funny is it that iran denied being with hamas yet this guy is in the capitol of iran. how odd.,2 years ago,3,False,Lainnya
@Swagdonaldzz,"yeah he prolly mispoke, infantry dont usually do math well lol",2 years ago,0,True,Lainnya
@babydogepowwow6651,Stop put off fasle information 🫠😢,2 years ago,0,False,Lainnya
@babydogepowwow6651,Stop put off fasle information 🫠😢,2 years ago,0,False,Lainnya
@nelus7276,Iranian air defense is guided by Allah.,2 years ago,0,False,Lainnya
@BrendanCDA,They said it was a bomb,2 years ago,0,False,Lainnya
@dmitryr1223,"this is all wrong, they said it was  Hamas leader killed by bomb planted in Iran guestroom, report states | LiveNOW from FOX",2 years ago,1,False,Lainnya
@nick4877,Its been published that he was killed by a remote controlled explosive bomb in his residence in Tehran,2 years ago,0,False,Lainnya
@keithmunsami5377,How did this man die. They say a bomb was planted in his place where he stayed n some report say a rocket. Which is it. Wake up Iran n know what caused this terrorist death.,2 years ago,0,False,Lainnya
@charlesmurphy7936,"The Jews are fed up with talking about peace with Hamas, theyre going to make Hamas peaceful.",2 years ago,0,False,Lainnya
@rhelzkikiddos6830,Qatar reputation is untrustworthy.. they have double face...,2 years ago,0,False,Lainnya
@SirArkoutha,"Hamas leader screams desth to isreal, deatht o america. Isreal...*uses reverse UNO card*",2 years ago,0,False,Lainnya
@hamza.abdullah807,"4:51 - 12,000??",2 years ago,1,False,Lainnya
@jimreilly5770,Heard there was actually a bomb planted in that guest room days/weeks/months ago and not a missile strike?  Not sure if that has been confirmed but this makes way more sense to me.,2 years ago (edited),1,False,Lainnya
@petesmith6434,Obviously the Russians and Chinese technology isn’t all that great! 😂,2 years ago,0,False,Lainnya
@Ssdd1782,Iran sucks,2 years ago,0,False,Lainnya
@indy500tabasco8,👽👽👽👽💩👽👽👽👽,2 years ago,0,False,Lainnya
@traceykoke6016,There is no Allah wake up,2 years ago,0,True,Lainnya
@iainli5830,Free Palestine 🇵🇸,2 years ago,0,False,Lainnya
@sadaqatali6393,Uk love tea and USA love to cover up Zionist genocidal acts. Chanting death to USA means nothing when USA is the one who destroyed several nations and toppled their democratically elected governments.,2 years ago,0,False,Lainnya
@GabrielA-qz6lv,Wasn't a bomb in his room??? Either way the axis of evil is playing FAFO and keeps finding out...,2 years ago,0,False,Lainnya
@olev6005,just edit that it was not a jet with rocket or any kind of high tech kill. the mossad just wasted him in a super secure base with a bomb they put there weeks in advance. that's just crazy !!!,2 years ago,1,False,Lainnya
@slothboyomg,"Amazing and insightful reporting as always, Cappy. Thank you!",2 years ago,0,False,Lainnya
@asafun,The fact that you talk about a peace deal .. It's hilarious.,2 years ago,1,False,Lainnya
@Daily_MEMER-q2b,"2:08 chinese radars 😂
Yep that’s where they lost",2 years ago,1,False,Lainnya
@cerieti,Bro go the simmarket addon intel 🤣🤣🤣🤣🤣,2 years ago,0,False,Lainnya
@ericschmidt1987,They say this was a bomb planted months ago not an air strike,2 years ago,11,False,Lainnya
@johnnycaps1,This is a very in depth documentary on the current state of affairs in this really intense and horrific situation.  Thanks for all the work you and your team does in giving many people an understanding of what seems to be going on.,2 years ago,0,False,Lainnya
@austinlewis8325,They struck the room he was sitting in?? That's Wiiiiild,2 years ago,2,False,Lainnya
@ThatGuyOnThaCouch,Supposedly a bomb had been planted in the room waiting for him to stay there again. They blew it up remotely when it was confirmed he was in there.,2 years ago,0,False,Lainnya
@ghazanfaryaq6776,Iran doesn't have air defense nor striking capabilities. All they have is tons of manpower.,2 years ago,0,False,Lainnya
@ghazanfaryaq6776,Allah failed to protect him.,2 years ago,0,False,Lainnya
@LeSillyGoose,Hope this doesn’t effect Baby Gronks career,2 years ago,0,False,Lainnya
@AudreyBelrose-kz5lw,"Sinowar don't listen to the 3 in Qatar anyway they practically beg him to stop. But he's like, nope",2 years ago (edited),0,False,Lainnya
@ES44AC-2,"Humanitarian shipments "" right 😉"".  They don't worry about their own people, and fund the military is what they do.",2 years ago,0,False,Lainnya
@guyfainberg4035,7:48 they denie it because the kids were druze and upsetting the druze can be a uprising inside Lebanon,2 years ago,1,False,Lainnya
@whatwill13,Planted for months and iran never noticed,2 years ago,0,True,Lainnya
@125israel, @whatwill13  insiders?,2 years ago,0,True,Lainnya
@out_of_date2002,you  do know Iran is indirectly responsible for the gaza war as of now right?,2 years ago,0,True,Lainnya
@rezaabbasi7994,"You do not even get the picture of people right.
Put more effort into gathering information please.",2 years ago,0,False,Lainnya
@alexgetsel7685,It's made by mosad 1 bomb,2 years ago,0,False,Lainnya
@eyalamran3,🇮🇱🇮🇱🇮🇱🇮🇱,2 years ago,0,False,Lainnya
@josephjefferies346,It goes without saying that Isreal don't play.,2 years ago,0,False,Lainnya
@Harry-lq5hu,"Isreal has been making these nations looking dumb since 1967. Just let isreal alone, and the East could heal.",2 years ago,0,False,Lainnya
@chillxxx241,You might as well take this video down.,2 years ago,1,False,Lainnya
@ExploreExpandExcel,Please make a video on Isreal's apartheid regime.,2 years ago,0,False,Lainnya
@ivanzimmerman1733,Don't  mess with Isreal,2 years ago,0,False,Lainnya
@alexissvetrev,"Missle was launched from inside iran. Not very suprising, as half of iranian intelligence is  working for US. Question is if they can do this, why don't they take out khamenei and his command and control to help the people of iran achieve democracy. Answer in my opinion is that they need tge mullahs to sell hundreds of billions of dollars of weapons to arab dictatorships
Ironically terrorism never has good results and a more extreme leader will take power in hamas.",2 years ago (edited),0,False,Lainnya
@Apina79,now they say it was bomb which was put in there few months ago.,2 years ago,1,False,Lainnya
@michaeltrillium,AIR strike? NYT said a bomb was planted months ago. (Which sounds crazy…),2 years ago,0,False,Lainnya
@DB123infane,Cave man voes revenge. oh no be careful from flying clubs.,2 years ago,1,False,Lainnya
@Wizeman_Rezzoe,Why kill civilians 😢,2 years ago,0,False,Lainnya
@Saeid1402,ده ایسراییلی کمپ ماست بی ریمود فرام فلسطین,2 years ago,0,False,Lainnya
@pmannnn4,"1300 people killed..not 13,000..😮",2 years ago,0,False,Lainnya
@Joshua-j1i,Air strike ? 😂😂,2 years ago,0,False,Lainnya
@nazaretsilvaadorno9135,Iran can do nothing! He was hamas leader and now he is dead!,2 years ago,0,False,Lainnya
@abrahams6852,"This attack also stemmed from a recent rocket hit in a Druze football park, killing 12 children.",2 years ago (edited),0,False,Lainnya
@thehardstylepromoter5687,🇮🇱🇮🇱🇮🇱🇮🇱🇮🇱🇮🇱,2 years ago,0,False,Lainnya
@EdouBuilds,"it is said it wasnt an airstike, rather a c4 explosive that was placed there weeks ago.",2 years ago,0,False,Lainnya
@AngelofChrist0919,Why is it that they said it was an explosive that was put there months in advance.,2 years ago,0,False,Lainnya
@Lena-vw6ye,That's pretty much declaration of all out war.,2 years ago,0,False,Lainnya
@mikerogers582,Apparently the bomb was planted in the guys room & remotely detonated.,2 years ago,1,False,Lainnya
@craigschaffert,2:10 did I miss any vital info in this seemingly accidental brutal edit???,2 years ago (edited),0,False,Lainnya
@chilichill7252,What coward he left Gaza to hide,2 years ago,0,False,Lainnya
@benjaminthejett,🇮🇱🇮🇱🇮🇱🇮🇱🇮🇱👏🏼👏🏼👏🏼,2 years ago,1,False,Lainnya
@jintoo7489,"Lol...USA says they weren't involved, but their technology is the reason this could happen.",2 years ago,0,False,Lainnya
@Dawnseeker,Dude represent Ohio air guard with the kc135 refueling vid.,2 years ago,0,False,Lainnya
@baredesigns1,"It was a pre-planned explosive device and NOT a missile.
That is confirmed from the Iranian response - they are rock scared how someone could infiltrate Teheran to plant explosives",2 years ago,1,False,Lainnya
@chrisklitou7573,"1200 died on October 7th not 12,000",2 years ago,0,False,Lainnya
@yoyodawgsupbrah,Yair Netanyahu sleeps every night in Hallendale Beach Florida,2 years ago,0,False,Lainnya
@alter-nator,Hamini is shutting his pants right now,2 years ago,0,False,Lainnya
@GalCesa,8:01 referring to this mistake,2 years ago (edited),0,True,Lainnya
@SerendipitousDays,"The fact that they can do such a precise attack on land so far away with no civilian casualties, but then cannot do the same precise attacks on Hamas in Gaza thus resulting in “accidental” civilian deaths in the tens of thousands proves that nothing is an accident when it comes to their military…",2 years ago,0,False,Lainnya
@farhorizons3901,Claim that he was killed by a bomb that was smuggled into his guesthouse several months ago.  Big mistake to use the same accommodation twice!,2 years ago,0,False,Lainnya
@sosososososo4148,Mossad is scary af,2 years ago,1,False,Lainnya
@ruelrama2149,The guy is a political leader of a terrorist organisation,2 years ago,0,False,Lainnya
@bod3ayil9oba7,Hasbara bots are everywhere,2 years ago,0,False,Lainnya
@George.Orwell,"LOL you guys are a joke. An Airstrike would register at least a firing wich never happened. An airstrike from an F35 would destroy more than just the flat where Haniyeh was held. This was a covert operation conducted by Mossad using Spike NLOS. Get a grip people, war is always conducted by the most unexpectable way possible.",2 years ago,0,False,Lainnya
@Moon-v5x,The comments section is filled with bots controlled from Tel-Aviv,2 years ago,0,False,Lainnya
@canpin,"Did he says iran is using "" Chinese radars""??! Chinese made? 😂😂😂",2 years ago,1,False,Lainnya
@canpin,Iran's defense is garbage like most of their weapons,2 years ago,3,False,Lainnya
@Gabdube,I wonder if Iran is going to blame DEI for their security failures.,2 years ago,0,False,Lainnya
@BaddPapi,"Iran let it happened, how did they know what room to strike 🤔",2 years ago,0,False,Lainnya
@plugandplayreviews,Iran is a paper tiger !,2 years ago,0,False,Lainnya
@Another_Day_Another_Chance,This doesn't say much for Russian and Chinese radar systems.,2 years ago,0,False,Lainnya
@ZMB-on5ub,H3 just reminds me of that terrible Hummer. I'm not endorsing terrorism but I'm also not saying it's worse than the H3.,2 years ago,0,False,Lainnya
@jameshammers5239,I AM SHEDDING TEARS !....  WOULD ANY ONE PLEASE HOLD ME  ????????????????????,2 years ago,0,False,Lainnya
@APforUA,"Who do ""Palestinian"" leaders not live in Gaza? Well, theres no such thing as a ""Palestinian"". It's not their people or identify, they're just Jordanian, Saudis and Egyptians living there. That's why they have no cohesion, no love, no care, no loyalty. It's not rocket science.",2 years ago,0,False,Lainnya
@michaelclemons1087,Seems to me Iran has a breach in its government at a high level,2 years ago,0,False,Lainnya
@KondaBright,✌️✨✨✨,2 years ago,0,False,Lainnya
@cassini270,Unless Islam is reformed to remove the Jihadist principle ....there will always be terror in the middle east.,2 years ago,0,False,Lainnya
@JunaidKhan-pq8ji,"2:44 The leader of Iran, Khamanei*
Khomenei died a long time ago.",2 years ago,1,False,Lainnya
@GaganSagar-jd9qi,"When will  we INDIANS  understand that the wepons of russia  is complete shit 😢, how can we fight china?",2 years ago,0,False,Lainnya
@anonymousuzzer,Love to see Ryan Macbeth tells me you really know your stuff,2 years ago,0,False,Lainnya
@texasforever7887,Yet people keep insisting that the F-35 is a failure and doesn't work...,2 years ago,0,False,Lainnya
@pepelemoko01,"The latest information reveals it wasn't an air strike but a bomb planted in a guest house frequented by Ismail Haniyeh, remotely detonated when his presence was confirmed. This situation is reminiscent of the 1984 Brighton bombing in the UK, carried out by the IRA against the Tory Party. An IRA operative, posing as a hotel guest, placed a bomb under the bath. The device, equipped with an old VCR timer and battery, was set months in advance to coincide with the Tory party conference. Though the primary target was Margaret Thatcher, she happened to be in a different section of the hotel at the time.",2 years ago,8,False,Lainnya
@zealot824,"""includes... chinese radars"" Yep that checks out.",2 years ago,0,False,Lainnya
@stahlconstruction74,"12,000 people killed on Sept 7?",2 years ago,0,False,Lainnya
@specialnewb9821,"New reporting suggests it was a bomb planted some time ago. That doesn't implicate the air defenses, but some severe counter intelligence problems if acurate",2 years ago,1,False,Lainnya
@MrDANGEROUSIDEAS,The news is reporting that there was a bomb placed in that room two months beforehand and that it was set off by remote control so I don't think anyone knows the truth yet,2 years ago,1,False,Lainnya
@MSM.Mihlar,"The hizbullah has been firing missiles against isreal since last night even though all the missiles have been intercepted by the isreal's irndom Some missiles have hit the blank land therefor no dead, no injured, no casualty.
So ha ha ha ha ha ha
Zionists win win win win win win win.",2 years ago,0,False,Lainnya
@EAZIEE,Islam justifies the killing of people if it’s for the greater good of religious reasoning . Search Shariah law in which 80%-99.99% (depending on country) believe in And Que the pending results...,2 years ago,0,False,Lainnya
@vasopel,"he wasn't talking about Ayatollah Ruhollah Musavi Khamenei ,  he was talking about Khomeini Ali Khamenei that has served as the second supreme leader of Iran since 1989. 
you clearly have access to the internet...USE it before commenting! ;-)",2 years ago,0,True,Lainnya
@davidboatman925,"Nonsense,  It was a bomb not an F35",2 years ago,1,False,Lainnya
@hano1484,"They will then act as if they are victims, typical arabs",2 years ago,0,False,Lainnya
@kinkygalore5697,gbjbvvbb bb,2 years ago,0,False,Lainnya
@Flotsam7jetsam,"They probably put an ""apple air tag"" as a homing device in his luggage while he was in Qatar and waited until the event in Iran.",2 years ago,1,False,Lainnya
@imghoti,"IRNA? Ohhhh! 

Islamic Republic News Agency

😮I thought they couldn't spell the name of there own damn country! 🤣",2 years ago,0,False,Lainnya
@OsehShalomTV,Haniyeh is a coward rat 😅😅😅,2 years ago,0,False,Lainnya
@yuppie9353,Incorrect.  A bomb was planted in the guest house over 2 months ago.,2 years ago,1,False,Lainnya
@no1ne875,I am intrigued by the question of why the bodyguard and Ismail Haniyeh shared the same bed 🤔,2 years ago (edited),11,False,Lainnya
@MyDogFulton,"Just a reminder Iran couldn’t distinguish between a US war plane and a passenger airliner that took off from their own airport only 20 minutes before. 
Their incompetence led to a lot of innocent killed.",2 years ago,0,False,Lainnya
@jimyeetast9335,"Love this channel, you're a realist with good info and a good attitude. Thanks for the updates bro.",2 years ago,0,False,Lainnya
@rogeredrinn4592,This was a well researched and narrated video . . . kudos. New sub,2 years ago,0,False,Lainnya
@stevewalden7514,"Reach out, reach out and touch someone...",2 years ago,0,False,Lainnya
@rexblade504,"Iran will do nothing, because they can do nothing",2 years ago,1,False,Lainnya
@adz951,Yep. Netanyahu wants to prolong the conflict.,2 years ago,2,True,Lainnya
@romanzusman2892,"""Surprise, Surprise!""(C) 😂",2 years ago,5,True,Lainnya
@markanthonydax6258,Duuuuudeee hahaha,2 years ago,2,True,Lainnya
@heathclark318,"Soooo I am reading it was a bomb carried into the guest house he was staying in, not a f35 strike...",2 years ago,0,False,Lainnya
@jamesm8965,Iran is fucking shitting their pants. They know now how vulnerable they are. They are all fair game.,2 years ago,1,False,Lainnya
@mangrumpyold1871,If this was an airstrike like they claim it shows an utter failure of their air defense system. This was a precision strike 1 munition 1 target. How dose a air defense system fail to see one munition.,2 years ago,0,False,Lainnya
@TheNetwork,"""would you intercept me? I'd intercept me""",2 years ago,5,False,Lainnya
@EveryoneIsAmelak,Cool. Can they stop killing/starving everyone else now?,2 years ago,1,False,Lainnya
@pauldenham2952,Was confirmed to be a spike missile used in Iran,2 years ago,0,False,Lainnya
@rodneyjarvis676,October 7th  was beginning  of the end of Hamas  and Hezbollah,2 years ago,0,False,Lainnya
@joshuajim65,"""Chinese radar""",2 years ago,0,False,Lainnya
@beready992,I would not rule out the possibility that this was an inside job by the Iranian regime. This guy has become a low value high risk asset. So the dude shows up in Iran to pay his respects to the new president and is looking for some handout. Why? He’s worth nothing to the regime so he’s a nuisance more than anything.,2 years ago (edited),1,False,Lainnya
@mattmartian1658,So I heard it was an elaborate assignation plan that started months ago when they planted explosives in the room.  So it wasn't a jet. That's what ABC reported.  But who really knows.,2 years ago,1,False,Lainnya
@beachboy0505,Charade ?,2 years ago,0,False,Lainnya
@beachboy0505,"Sometimes you have to go with the BS, and watch the news.",2 years ago,0,False,Lainnya
@TubeFlexMedia,Lets be clear here. This could not have happened unless Iranian insiders helped.,2 years ago,0,False,Lainnya
@aaronschaefer4167,It turns out they surreptitiously planted a bomb months ago! What?!😮,2 years ago (edited),0,False,Lainnya
@docbones213,😂,2 years ago,0,True,Lainnya
@GaganSagar-jd9qi,"When will  we INDIANS  understand that the wepons of russia  is complete shit 😢, how can we fight china?",2 years ago,0,True,Lainnya
@kylea4225,Dude F35s look like literal spaceships,2 years ago,23,False,Lainnya
@drakeautos1069,u are just speculating to get paid...,2 years ago,1,False,Lainnya
@ypdmd,"Sorry, we thought the local cops were checking the room for bombs. Besides, the house has a sloped roof.",2 years ago,0,False,Lainnya
@skbid1,It always amazes me when the subject of humanitarian aid and their population having serious issues with famine and disease occurs after they get hit. I guess the stupid question to ask is if their population is in such dire straits why are they not taking care of that issue instead of using all their money and effort in attacking everyone around them? Priorities?,2 years ago,1,False,Lainnya
@darwin1976w,NPR reported today it was a bomb placed in the house…correction?,2 years ago,0,False,Lainnya
@Kevin-iv3lv,Kinda reminds me of the time the middle east was fighting each other.....,2 years ago,1,False,Lainnya
@sterlexdev1978,Not a missile or some say the unrealistic 😂F 35 its was a bomb planted before his arrival which exploded killing him and his bodyguard and this can be proven by the picture of the building where the explosion took place and its looks like its from the inside or under the floor,2 years ago,0,False,Lainnya
@StarGazing8461,It wasn’t an air strike. Haniyeh was killed by a team inside Tehran who was in the next building. They sent a rocket through the window.,2 years ago,0,False,Lainnya
@Lundershot1,"Oh no irans going to become even more buddy buddy with Palestine, yeah it’s not like u basically prop up there entire country already is it this is like saying your child is your family, like yeh they were fking born that way",2 years ago,1,False,Lainnya
@NotSure416,Now it makes sense why America let in all those illegal immigrants.  They’re going to be cannon fodder for WW3,2 years ago,0,False,Lainnya
@Apotacylltube,It was a bomb not a F35,2 years ago,1,False,Lainnya
@fangwu7576,heyyyy same pfp,2 years ago,0,True,Lainnya
@Stone_Face_Offixial,Which Iran Supports.,2 years ago,1,True,Lainnya
@Taskandpurpose,"I said it’s early reports , that it might not be the case, I said everything in this video is subject to change . More information always comes out .",2 years ago,1,True,Lainnya
@Stone_Face_Offixial,I wouldnt day its a Bear Maybe a Goblin so never poke the Goblin!,2 years ago,0,True,Lainnya
@Stone_Face_Offixial,"Russia is Bear, China Is Dragon, Usa is Eagle, and France is a Roaster..😂",2 years ago,0,True,Lainnya
@SeamourButtts,When you’re peeking your head out and get sniped on Fortnite,2 years ago,0,False,Lainnya
@seanpreston3653,This will light the east up to war. Probably intended by putin imho. He wants the world to go into conventional war. So he can advance so he thinks.,2 years ago,0,False,Lainnya
@bnji-_-,I saw videos from the attack....ceasefire is not an option.,2 years ago,0,False,Lainnya
@wa4jd,"Thanks for addressing the stereotype of non-state actors and their technology. I certainly grew up in a time when only states had cool toys, but that's not the case these days.",2 years ago,0,False,Lainnya
@0000Ero,mossad is probably the best intelligence agency in our universe but probably nobody will ever know,2 years ago,0,False,Lainnya
@13bathory1986,kek,2 years ago,0,False,Lainnya
@SuccessforLifester,I was about to research on 12000 casualties on oct 7 and saw the correction.,2 years ago,1,False,Lainnya
@michalsniadala1667,rip bozo nice one lsrael,2 years ago,1,False,Lainnya
@jawedmanowar657,"Us should be prepared for war. And this war which if happens wont be backed by it so called allies from west
As it supprted the occupation forces without any strings and allowed this ethinic cleansing of the Palestinian people
As US which labels coruption as Lobbying and has fueled war and occupation and has Allowed Hatred to become Mainstream and permanent",2 years ago,0,False,Lainnya
@ryOVXX,"""guess that's one of those cultural differences I'll never understand"" the US literally invades them from all angles 24/7 dude lmafo",2 years ago,0,False,Lainnya
@voodooillusion7219,😂Missile knows where it is,2 years ago,0,False,Lainnya
@sergiocampos6328,So if they can Target him in another country why the fuck are they leveling Gaza along with innocent lives?????,2 years ago,0,False,Lainnya
@Diamonddavej,"According to these researchers, the F-35's radar cross-section is 0.0015 to 0.005 m2, i.e. less than a humming bird.

Zikidis, K., Skondras, A. and Tokas, C., 2014. Low observable principles, stealth aircraft and anti-stealth technologies. Journal of Computations & Modelling, 4(1), pp.129-165.",2 years ago,0,False,Lainnya
@HappyGuy-cn9po,Fr,2 years ago,1,True,Lainnya
@HappyGuy-cn9po,Because there are Hamas fighters in Gaza.,2 years ago,0,True,Lainnya
@Grimnir_x,"Can i get Haniyeh?

HANIYEH",2 years ago,0,False,Lainnya
@blitskreegdeantioch5851,Thank you for not saying they were assassinated.,2 years ago,0,False,Lainnya
@user-su9on1rm5o,"A surprisingly balanced and well thought-out analysis of a f-ing thorny subject, for a man who pretends he's just PFC Fucknuts ^^. Did your training officer punish you by putting you through International Studies ? Hoo-ah, Cappy.",2 years ago,0,False,Lainnya
@AddiMarciaReaction,Not 219 mile ( 2000 mile mate ),2 years ago,0,False,Lainnya
@retrohaggis7969,whats shocking?,2 years ago,0,False,Lainnya
@trancesendable,News channel,2 years ago,0,False,Lainnya
@penname8380,Yea... We really don't need a middle man between everyone and the hamas organisation because we shouldn't be negotiating with terrorists.,2 years ago,1,False,Lainnya
@nissan300ztt,F35s and the Iranians didnt even know they were there.  Lol.,2 years ago,0,False,Lainnya
@generalinbox3740,They probably have hundreds of replacements. I dont see how this really helps,2 years ago,0,False,Lainnya
@yourtakingmylife3472,"Looks to me like if Yemen wanted humanitarian aid they wouldn't act like they do. Who in their right mind would choose to help a country harboring t*rrorist and randomly killing innocent people that are just trying to do their job aboard ships sailing by? THE WEST NEEDS TO STOP GIVING ANY AIDE TO COUNTRIES THAT ACT LIKE THAT OR THEY WILL NOT CHANGE THEIR BEHAVIOR. Maybe they would spend less money on weap*ns, if they had to buy some food, instead of just getting all their food for free from our tax money?? They DO NOT appreciate our help or they wouldn't act like they do. Maybe providing for t*rrorists so they can spend their money elsewhere on bad things isn't the best idea?? Why would they change their behavior when there are NO repercussions and we are constantly rewarding them for it??",2 years ago,0,False,Lainnya
@eliavyitzhak4887,NYT is claiming Haniyah was killed using a previously hidden explosive in the buildign.,2 years ago,2,False,Lainnya
@ArcanusLibero,Thanks for the analysis,2 years ago,0,False,Lainnya
@johnhintermaier7651,The real story is that the bomb was planted 2 months ahead in the residence being occupied by the Hamas leader. Check it out with your intel.,2 years ago,1,False,Lainnya
@moshehim1000,"It's not because they killed kids, but because those kids were Arabs, from the Druz sect of Islam, who hold a Syrian citizenship.",2 years ago,0,False,Lainnya
@dougsholly9323,The middle east is heading towards a full collapse very shortly.,2 years ago,0,False,Lainnya
@maxxcarver5502,"¡ran and humus want a stop fighting?  well , ""don't Start none, won't Be none!""",2 years ago,1,False,Lainnya
@user-bf7vy3ub9c,"When you said “radars from china”, I was like: that’s it.",2 years ago,5,False,Lainnya
@Ori1337,"Did the US forgoe the term ""we do not negotiate with terrorists""?",2 years ago,0,False,Lainnya
@ivansherbinin,"and for what?
all these people wanted is to have a jihad.",2 years ago,0,False,Lainnya
@watchtheirhands3346,blah blah blah   fear fear fear   yawn yawn yawn,2 years ago,0,False,Lainnya
@M4_Soppi_2,They are just playing civilization Revolution 6 at this point,2 years ago,0,False,Lainnya
@utilyre,"4:14 It's not a cultural difference. Many Iranians find that stupid as well, including myself.",2 years ago,0,False,Lainnya
@Aliye4,"I think that this just a IDF propaganda bcuz they didnt have much success in gaza i mean i know its “Hamas leader” 
But its actually not so that important you get it? Like he’s limited to media appearances and diplomatic matters in short his assassination will not end the war or progress towards to end the war .",2 years ago,1,False,Lainnya
@vill9859,Even while they chant death to america you guys act soft with them...,2 years ago,0,False,Lainnya
@0456-s9g,"It wasn't a missile, a bomb remotely controlled with AI intelligence detonated & killed Haniyeh. A while back, Iranians top nuclear scientist Mohsen Fakhrizadeh was killed by an AI controlled machine gun mounted on a pickup truck which self detonated after the assassination. I would bet Raisi's helicopter crash wasn't an accident either. All work of the Mossad, and their spies.",2 years ago,1,False,Lainnya
@morgansmit8564,Thank you Cappy!,2 years ago,0,False,Lainnya
@mehulpatil221,Chinese radars are trash 😂😂😂,2 years ago,0,False,Lainnya
@MrTubularBalls,0:05 how is this a shocking move? it's a classic example of FAFO. Is this the Military Snowflake channel now?,2 years ago,0,False,Lainnya
@MrChadbag,They got a deal on them from Temu or AliExpress.,2 years ago,0,True,Lainnya
@hanyuu8808,cry,2 years ago,0,True,Lainnya
@Moha122-r8f,"peace talks fall apart for a group that has killed 30,000 civilians",2 years ago,0,True,Lainnya
@Justin-pe9cl,HAMAS doesn’t want peace.,2 years ago,0,True,Lainnya
@alexseguin5245,There is absolutely none,2 years ago,8,True,Lainnya
@PerfectlyFunctioningAI,"did he tho? he looked like he was sitting down quietly. I find it hard to believe that the guy trying to end the war would just turn around and be like ""yea war!"" Plus is side is getting anihilated why would he doom his people?",2 years ago,7,True,Lainnya
@dsadunnodudeish4535,"​ @PerfectlyFunctioningAI 
Lol have you ever heard a Palestinian speech?🤡",2 years ago,0,True,Lainnya
@KingTFD,​ @PerfectlyFunctioningAI  cope,2 years ago,12,True,Lainnya
@ezraatencio2361,"Apparently It was not a missile, it was an explosive device smuggled into the guest house.",2 years ago,9,False,Lainnya
@Clarkkentir,"In Canada and London, the Devils sit and discuss how to fuck up this world even more over a cup of tea, and in Iran, they chant death to America. 😄",2 years ago,0,False,Lainnya
@Klayhamn,it's about sending a message,2 years ago,0,False,Lainnya
@maxrockatanksyOG,Middle East is kicking off like Biden fallin' down!,2 years ago,0,False,Lainnya
@SgtOddball90,You look like a complete fool posting a video like this without confirming anything first! The f-35 absolutely still sucks!,2 years ago,1,False,Lainnya
@spenkew,He wasn't killed by a bomb or missile dropped by planes. He was assassinated by bombs planted in the room.,2 years ago,92,False,Lainnya
@AL-gc2fj,I have read that it was a bomb that was there for two months..so what is it now?,2 years ago,1,False,Lainnya
@robryan2079,"Suddenly I am questioning the abilities of Iran’s air defenses 

Oh yeah, and F*ck Hamas",2 years ago,2,False,Lainnya
@hello-ji7qj,"NYT ""The two Iranian officials who described the nature of the assassination said they did not know how or when the explosives were planted in the room.""",2 years ago,0,False,Lainnya
@saintmichael881,"Wow, It's almost like biden reinstituting obama era geopolitics was a bad idea 😅",2 years ago,0,False,Lainnya
@pk2508,"Turns out the killing had nothing to do with an airstrike. 

Allegedly, a bomb was planted IN the building by Mossad months beforehand and then remotely detonated it once he was there. That makes it more baffling and embarrassing that Iran allowed for this to happen.

How many months prior for them to telegraph that he’d be there for the inauguration of a new president who only came into power after a helicopter carrying the former President crashed?",2 years ago,1,False,Lainnya
@alexkirnes2155,"You have a small mistake, a bomb was planted in Haniyeh's room a few weeks ago... and not by aerial bombardment",2 years ago,128,False,Lainnya
@agamcohen3286,"Qatar is a terrorism funders idgaf about what they say. 
And aboyt hzballa they said it wasnt them because they victims are druze and the druze will revenge because there is a minority of druze in lebanon.",2 years ago,0,False,Lainnya
@agamcohen3286,Qatar is a terrorism funders idgaf about what they say.,2 years ago,0,False,Lainnya
@godofdestructionFTW,Either way he definitely aint gettin 72 bchs in the afterlife😂,2 years ago,2,True,Lainnya
@mookerthekow,"I heard this as well, from Will Carroll's channel. Is there verified proof of this?",2 years ago,0,True,Lainnya
@zentriffid," @mookerthekow  The claim has come from  the Iranians, I wouldnt put much credence to it.",2 years ago,10,True,Lainnya
@iTzzCkc,Full of shit,2 years ago,0,True,Lainnya
@الحمدلله-و6س2ن,That’s true,2 years ago,0,True,Lainnya
@PISSLAMmeansTERRORISM,​@marklee3534 yes I will. They got more credibility than those flat 🌎 believers.,2 years ago,1,True,Lainnya
@ShehuStebe, @zentriffid and you would put it on some random 1.4 GPA having vet on youtube who knows nothing? The cope is insane.the aftermath of the bombing literally proves that it was a handheld atgm,2 years ago,0,True,Lainnya
@yonizarkh84,"Nobody really knows 
That claim have been contradicted by the IRGC.

They claim it was a missile shot from near by. Not from an aircraft.

Plus, IDF spokesman, clearly stated that there were no Arial attack on that night...",2 years ago,14,True,Lainnya
@hsnbfj8409rf, @yonizarkh84  You believe the IRGC?😂😂😂,2 years ago,4,True,Lainnya
@BRANDO_DIEGO, @alexkirnes2155  The F-35 is a pathway to many abilities some consider to be unnatural.,2 years ago,5,True,Lainnya
@PISSLAMmeansTERRORISM,"​@YOSHlGAKE including flying on its own, and be so stealthy that not even its creators are able to find it sometimes. 😂😂😂",2 years ago,2,True,Lainnya
@lybnychavez6953,That’s what I heard at first too,2 years ago,3,True,Lainnya
@tedngowa2559,So Mossad managed to get into the hotel room and plant the explosive without being noticed? Isn't that more embarrassing?.,2 years ago,3,True,Lainnya
@125israel," @tedngowa2559  Money, they have lots of it.",2 years ago,0,True,Lainnya
@DANML12,None have been confirmed or denied,2 years ago,2,True,Lainnya
@heavytank2,This.,2 years ago,0,True,Lainnya
@TheTomsijoker,They change what happened all the time. with government you can't know If they just used it to seize ad disable opposition.,2 years ago,0,True,Lainnya
@user-qu7ie8xw6r,Sounds most likely the mossad get busy,2 years ago,0,True,Lainnya
@lewiskoluk8749,"I dont think it would be a similar response. The last one was a giant show. Telegraphed, and ended in the open. A show to limit escalation.

I doubt they would react in the same fashion this time with the new type of inciting incident.",2 years ago,0,False,Lainnya
@SynthRockViking,"Did they kill just the guy, or also an entire building of another nations guys? 💁‍♂️",2 years ago,0,False,Lainnya
@hello-ji7qj,New York Times reporting that a bomb was placed in the guest house 2 months ago.,2 years ago,95,False,Lainnya
@JeromeBarrett-g6d,4:52 correction. 1200 people.,2 years ago,0,False,Lainnya
@SanSal-es1tt,"Haneiyeh was worth $4 billion or more. The top 3 Palestinian leaders are billionaires, made money stealing all that aid from foreign countries. Horrible people!",2 years ago,0,False,Lainnya
@AmnesiaOnion,The reason Hezbollah denies the attack on the Golan heights more specifically on Majdel Shams is because that it's a druze village where most of the community support Syria..,2 years ago (edited),0,False,Lainnya
@parrotbrand2782,Ok. They planted a bomb that killed him. Stop the nonsense about F-35s. F-35s are useless and have no battle proven records,2 years ago,1,False,Lainnya
@dougieranger,Iran now looks incompetent and incapable. 😂 They must be furious. 😂,2 years ago,0,False,Lainnya
@zzmr_stretchzz8772,4:20 why he say fuck me for? - 50 cent,2 years ago,0,False,Lainnya
@anthonyigania8465,There’s always a war in the Middle East. Whether it’s religion or oil LOL.,2 years ago,0,False,Lainnya
@jamestill8605,You always know you have a good leader when they don't live in the same country as you,2 years ago,1,False,Lainnya
@balapesar,"No sir, it is not ""cultural difference"". It's not part of Iranian culture to chant death to anyone. Unless someone lives under a rock, they must acknowledge that an overwhelming majority of Iranian people hate the Mullahs' regime in Iran. Majority of Iranians like the people of Israeil and want friendship with both Israeil and the United States. The western governments should stop helping that hostage-taking regime, and instead support the Iranian people who are fighting for democracy. A free and democratic Iran will be the anchor of peace for the Middle East and entire world 🇺🇸❤️🇮🇷",2 years ago (edited),1,False,Lainnya
@user-mx1yk8mj2l,when will isreal pay for the crimes they commit?,2 years ago,1,False,Lainnya
@Terradrax,"when 2 terrorist groups fighting eachother it simply results in the deaths of many innocent people. The people of palestine didnt ask to be palestinian, they were simply born that way. They are people just like the rest of us, imagine if your house got bombed because it might potentially have terrorists in it? Thats a really overkill brutal way of dealing with things, i am no longer a supporter of isreal, they have gone insane just like the american government",2 years ago,0,False,Lainnya
@anatoliod.mendoza-cruz9751,How was that man that killed 241 marines even allowed to live,2 years ago,0,False,Lainnya
@nadavvvv,him and his bodyguard,2 years ago,0,True,Lainnya
@euroe12,Which is even MORE embarrassing for the IRGC.,2 years ago,37,True,Lainnya
@laptv2144, @euroe12  Embarrassing for the US which keeps supporting these international law breakers despite it not being in the US’s best interest. Literally being used,2 years ago,1,True,Lainnya
@laptv2144," @hello-ji7qj  Hmm I wonder who owns the NYT. Oh that’s right,  a J family",2 years ago,1,True,Lainnya
@laptv2144, @hello-ji7qj  I wonder what group of people own that newspaper????,2 years ago,1,True,Lainnya
@africa_geopolitics,And you believe the NYT when it reliably lied to you every single time? Go figure!,2 years ago,0,True,Lainnya
@kimmogensen4888,"New York Times claimed that Hunter Bidens laptop was Russian misinformation, election interference, and January 6 2017 they cried about the current VP confirmed the election results,
and called it stealing the election when Trump in 2021 attempted to do the same thing but with the same result the VP confirming the election, both times there where violent riots. Iran has to same journalistic standards as the banana republic USA and the Democratic Party also like to use the judiciary system as a weapon against the opposition.
Who knows what happened and what killed the Hamas leader, if they would do this? It might be something else they should not be trusted no matter what they claim",2 years ago,0,True,Lainnya
@PISSLAMmeansTERRORISM,NYT is a joke ! It was placed hours before.,2 years ago,0,True,Lainnya
@danielrejets2217,lol cry,2 years ago,0,True,Lainnya
@danielrejets2217,lol you’re living in a upside down reality 😂😂😂,2 years ago,0,True,Lainnya
@jackal_sniperr,crying allah noises,2 years ago,0,False,Lainnya
@ihdiadgdhwbad1,4:09 why is the iraqi president there dude i have no hope for my country lmao.,2 years ago,0,False,Lainnya
@SanjayTiwari-yi2mg,"Jews population 15 million -- nobel price won 189
Muslim population 1.8 billion --nobels won  24
Islam and Judaism have same roots but islam is distractive and judism is constructive",2 years ago,0,False,Lainnya
@cristianbartt1261,"They use probably Drones for this hit. Not necessarily F35 or similar.  The Iranian military is not specific on ""air strike"": high/low altitude plane or drones. In any, nothing is safe with todays tech...
Thanks.
CB.01.08.2024",2 years ago,0,False,Lainnya
@powerplantpartners743,"No offense intended, but your intel is wrong about the action being carried out by a plane or missile, and your analysis is wrong as to the purpose of the action.",2 years ago,0,False,Lainnya
@actual5186,"Turning 1,200 into 12,000 is a 200,000/ 6,000,000 joke right?... Right?...",2 years ago (edited),0,False,Lainnya
@kristianroberts5590,This is not looking good.,2 years ago,0,False,Lainnya
@TruthSeeker1390,Free Palestine,2 years ago,1,False,Lainnya
@vinnylotto3507,we don't negotiate with terrorist's sorry to inform everyone,2 years ago,1,False,Lainnya
@Bumstuffer,We can see you reading the teleprompter.,2 years ago,0,False,Lainnya
@Cptbaraa,"A man that fight for years for the liberty, bulled by keyboard lions 👏👏👏 to the idiocy of this comment section",2 years ago,0,False,Lainnya
@Special_K_42069,"Hezbollah claimed responsibility for the strike in Golan Heights early Saturday morning, then deleted the post and rescinded their claim when it came out that they killed civilians.",2 years ago,1,False,Lainnya
@dicky3340,Is it me  or has his voice been tweeked into some weird autotune internet version of his voice. Or is just all A.I.,2 years ago,0,False,Lainnya
@danielrejets2217,From Hamas?,2 years ago,0,True,Lainnya
@thurmansmithjr3149,"Not just civillians, but Arabs.",2 years ago,0,True,Lainnya
@Carson_Ng_2004,"I don't feel like his voice has been tweaked. Also, the scenes showing his face, h movements are very human and match his voice well. Why would u think that?",2 years ago,0,True,Lainnya
@dicky3340, @Carson_Ng_2004   just that I've watched cappys army for ages and he sounded a little different to me. A bit like those Rogan clips that are not Rogan. I could be way wrong but just wondered if anyone else thought that. No harm meant,2 years ago,0,True,Lainnya
@hakes2,Scary days we All live in,2 years ago,0,False,Lainnya
@JonathanPell,"Lol, I really like your content and channel but, it just dawned on me today while watching: you look exactly like 'Ser Criston Cole' and now I cant un-see it lol",2 years ago,3,False,Lainnya
@ChandlerJPatey,7:15  rah  o7,2 years ago,0,False,Lainnya
@patrickrichard2106,Israël ALLEGEDLY... :-),2 years ago,0,False,Lainnya
@Peter-or8oc,"I think China is playing a waiting games all of these wars that are taking place like Ukraine , gaza and in Africa is wearing the Americans down because America has to help every country that has signed a mutual defense contract with is slowly depleting America's arsenal so as soon as China perceives that America is struggling to fulfil their obligations that will be the time jinping will attack Taiwan",2 years ago,0,False,Lainnya
@teddycustumz3267,Oh no. All those Hamas protests are going to get 10 times worse,2 years ago,0,False,Lainnya
@Peter-or8oc,You just can't negotiate with extremism look at Afghanistan you had the world's best military with billions and billions of dollars of hi tech weaponry and what happens after 20 years of fighting absolutely nothing the country was taken back fully after two weeks of the allies leaving by the very people they went there for in the first place thousands of coalition lives and hundreds of thousands of INNOCENT civilians and on top of that the coalition left billions worth of weapons lying about for the Taliban to pick up of the floor again there's no negotiating with extremism full stop,2 years ago,0,False,Lainnya
@hopelessmetsfan3583,"later, bozo",2 years ago,0,False,Lainnya
@salarebad.i,"Come on man
You really think people like saying down with usa in iran????!!!
Just don’t ever say that again
People are not the rejim
It’s like I say americans all like to topple iranians democracy like they did back in mosaddeg time",2 years ago,0,False,Lainnya
@anp901,Mossad sends its condolences to the bereaved people and distance itself from any involvement in the senseless killing.,2 years ago,0,False,Lainnya
@jimtalbott9535,"Iran, NK, Russia, China….they all seem to have “the most well-defended” this or that, or any number of superlatives…..all bunk, it seems.",2 years ago,1,False,Lainnya
@Peter-or8oc,Iraels president has wanted wider conflict from day one,2 years ago,0,False,Lainnya
@bidhan420,Netanyahu visited US/Biden 2 days ago and US not aware of the attack. Seriously ??,2 years ago,0,False,Lainnya
@redwolf1647,Bullshit,2 years ago,0,True,Lainnya
@eliya7775,😉,2 years ago,1,True,Lainnya
@kolloduke3341,"Historically, one of the dumbest decisions ever under taken 🙄 well done ?",2 years ago,0,False,Lainnya
@icantseethis,they are relying on the ass300 for air defense? 😂,2 years ago,0,False,Lainnya
@CanadianGooseWithagun,Isreal is kicking ass and literally taking names I see mass Middle East war with America the uk and Germany and other such countries being arms dealers,2 years ago,0,False,Lainnya
@LynbrookMutt,"Chris (@cappyarmy), you mentioned the Houthis have downed F-15's. Can you elaborate/provide proven info?? I was honestly under the impression that said jet was still 104-0 .Thank you! God bless you brother.",2 years ago,0,False,Lainnya
@johnny_fatz,Iran is talking like a tough guy. But all those fools are sleeping and eating inside concrete bunkers now.  Keep your heads down boys!,2 years ago,0,False,Lainnya
@LowWinterHop3,"I appreciate the honesty, but maybe don't tell the world you are aware you are killing 2 civilians for every 1 combatant. You're a government for god's sake. Act like one and lie.",2 years ago (edited),0,False,Lainnya
@Master_piece.freedom,As an Iranian these people do not represent us.,2 years ago,131,False,Lainnya
@TonyK_13,"According to a report by the The New York Times, based on information provided by several Middle Eastern officials, including two Iranians and an American official, Haniyeh was assassinated by a remotely detonated explosive device hidden in a guesthouse where he was staying. The device had been smuggled into the heavily guarded complex approximately two months earlier and was detonated once Haniyeh was confirmed to be in his room.",2 years ago (edited),0,False,Lainnya
@oscrates,isreal can do all this but they didn’t see the initial attacks coming? ethnically pure zion…..,2 years ago,0,False,Lainnya
@thegiantmiget8,WW3 speedrun any% ME edition,2 years ago,0,False,Lainnya
@izyb6608,Kabobs all around!,2 years ago,0,False,Lainnya
@islamdo,"Wasn’t air strike, a bomb was planted inside his apartment 
In iran",2 years ago,1,False,Lainnya
@Persianpride4azadi,Fuck Israël,2 years ago,0,False,Lainnya
@alex4863,"If Netanyahu wants Hamas to stop being the predominant governing institution, maybe he should stop funding them with Qatar.",2 years ago,0,False,Lainnya
@vervixx9272,"who are ""these people"" your government?",2 years ago,2,True,Lainnya
@Master_piece.freedom, @vervixx9272  unfortunately yes.,2 years ago,3,True,Lainnya
@cameronhermann9400,Thank you for saying that. I appreciate your honesty,2 years ago,1,True,Lainnya
@minhaexistencianaotemsenti7132,"This man is dead, he simply doesn't know yet 🎅🐡",2 years ago,1,True,Lainnya
@TheMightyWalk,You aren’t iranian,2 years ago,0,True,Lainnya
@driftFD,Neither do you.,2 years ago,12,True,Lainnya
@Master_piece.freedom, @driftFD  😂,2 years ago,3,True,Lainnya
@standfirm8180,Source?,2 years ago,0,True,Lainnya
@PanoStressed,"No, cause they know they would lose.",2 years ago,0,True,Lainnya
@sushibreath,What happened last time israhell did this?..,2 years ago,0,False,Lainnya
@nb9403,"This guy is a journalist,  how you got confused being in the military  before is crazy",2 years ago,0,False,Lainnya
@simabima4633,Hezb Allah is Iranian not lebanais the lebanais people hate them,2 years ago,1,False,Lainnya
@tackcolin6645,You can run but you can’t hide! 😂,2 years ago,0,False,Lainnya
